Price,Close,High,Low,Open,Volume
Ticker,DIVISLAB.NS,DIVISLAB.NS,DIVISLAB.NS,DIVISLAB.NS,DIVISLAB.NS
Datetime,,,,,
2026-05-20 03:45:00+00:00,6920.0,6920.0,6891.5,6891.5,0
2026-05-20 03:50:00+00:00,6928.5,6931.5,6912.0,6921.5,9711
2026-05-20 03:55:00+00:00,6948.0,6957.5,6925.5,6926.0,10875
2026-05-20 04:00:00+00:00,6933.0,6952.5,6932.0,6946.5,8112
2026-05-20 04:05:00+00:00,6935.0,6938.0,6915.5,6934.0,4183
2026-05-20 04:10:00+00:00,6932.0,6942.0,6929.0,6935.5,8263
2026-05-20 04:15:00+00:00,6938.5,6938.5,6930.0,6932.0,4584
2026-05-20 04:20:00+00:00,6948.0,6950.0,6938.5,6938.5,5987
2026-05-20 04:25:00+00:00,6948.5,6949.0,6945.0,6947.0,2453
2026-05-20 04:30:00+00:00,6938.0,6948.5,6934.0,6945.5,2622
2026-05-20 04:35:00+00:00,6924.0,6939.0,6923.0,6939.0,3415
2026-05-20 04:40:00+00:00,6919.5,6929.5,6913.0,6925.0,6024
2026-05-20 04:45:00+00:00,6918.5,6931.0,6915.5,6920.0,12663
2026-05-20 04:50:00+00:00,6905.0,6920.5,6900.0,6919.0,9466
2026-05-20 04:55:00+00:00,6916.5,6918.0,6901.5,6904.0,1472
2026-05-20 05:00:00+00:00,6918.0,6923.5,6912.0,6917.0,3372
2026-05-20 05:05:00+00:00,6905.0,6918.0,6905.0,6917.5,1635
2026-05-20 05:10:00+00:00,6910.0,6912.0,6907.0,6908.0,1597
2026-05-20 05:15:00+00:00,6916.5,6919.0,6905.0,6910.0,2772
2026-05-20 05:20:00+00:00,6908.0,6919.5,6907.0,6918.0,4802
2026-05-20 05:25:00+00:00,6907.5,6919.5,6905.0,6907.0,10840
2026-05-20 05:30:00+00:00,6884.0,6922.0,6880.5,6908.0,67144
2026-05-20 05:35:00+00:00,6864.0,6902.5,6852.5,6884.5,41703
2026-05-20 05:40:00+00:00,6839.5,6873.5,6837.0,6864.0,21780
2026-05-20 05:45:00+00:00,6834.0,6844.0,6801.5,6843.5,15887
2026-05-20 05:50:00+00:00,6877.0,6878.0,6807.0,6831.0,38408
2026-05-20 05:55:00+00:00,6851.0,6877.0,6825.5,6876.0,13554
2026-05-20 06:00:00+00:00,6856.5,6868.5,6838.0,6847.5,10159
2026-05-20 06:05:00+00:00,6847.0,6858.5,6840.0,6850.5,6657
2026-05-20 06:10:00+00:00,6838.0,6855.0,6835.0,6848.5,3938
2026-05-20 06:15:00+00:00,6860.5,6865.0,6838.0,6838.0,5201
2026-05-20 06:20:00+00:00,6889.0,6895.0,6859.5,6860.5,10063
2026-05-20 06:25:00+00:00,6872.0,6885.5,6863.0,6885.5,11997
2026-05-20 06:30:00+00:00,6890.5,6891.0,6868.5,6868.5,21158
2026-05-20 06:35:00+00:00,6892.0,6909.5,6884.5,6890.5,19908
2026-05-20 06:40:00+00:00,6890.0,6891.0,6877.0,6891.0,39507
2026-05-20 06:45:00+00:00,6888.5,6908.0,6882.0,6890.0,33376
2026-05-20 06:50:00+00:00,6901.0,6909.5,6886.0,6888.5,22976
2026-05-20 06:55:00+00:00,6896.0,6901.0,6890.0,6901.0,13822
2026-05-20 07:00:00+00:00,6900.0,6906.5,6891.5,6894.0,15757
2026-05-20 07:05:00+00:00,6911.5,6919.5,6900.0,6900.0,5016
2026-05-20 07:10:00+00:00,6913.5,6917.5,6903.0,6911.5,7053
2026-05-20 07:15:00+00:00,6911.0,6913.5,6909.0,6913.5,1727
2026-05-20 07:20:00+00:00,6912.5,6913.0,6909.5,6911.0,1749
2026-05-20 07:25:00+00:00,6912.0,6915.0,6911.0,6912.5,1704
2026-05-20 07:30:00+00:00,6901.0,6912.0,6891.5,6912.0,8109
2026-05-20 07:35:00+00:00,6847.5,6900.0,6841.5,6898.0,21677
2026-05-20 07:40:00+00:00,6882.0,6887.5,6838.0,6850.5,62935
2026-05-20 07:45:00+00:00,6886.0,6891.5,6870.5,6880.5,47925
2026-05-20 07:50:00+00:00,6882.5,6891.5,6860.5,6886.0,22488
2026-05-20 07:55:00+00:00,6854.5,6886.0,6845.5,6880.0,24418
2026-05-20 08:00:00+00:00,6845.0,6851.5,6832.0,6851.5,8491
2026-05-20 08:05:00+00:00,6878.0,6880.5,6837.0,6845.0,23900
2026-05-20 08:10:00+00:00,6880.5,6895.0,6868.5,6878.5,20366
2026-05-20 08:15:00+00:00,6889.5,6892.5,6880.5,6880.5,4479
2026-05-20 08:20:00+00:00,6898.5,6899.0,6889.0,6889.5,3922
2026-05-20 08:25:00+00:00,6904.5,6905.5,6893.5,6898.5,2547
2026-05-20 08:30:00+00:00,6912.0,6919.5,6904.5,6905.0,3434
2026-05-20 08:35:00+00:00,6915.5,6920.0,6907.0,6916.0,2984
2026-05-20 08:40:00+00:00,6919.0,6919.5,6914.0,6915.5,2044
2026-05-20 08:45:00+00:00,6917.0,6920.0,6911.5,6919.0,2330
2026-05-20 08:50:00+00:00,6917.5,6917.5,6910.5,6917.0,1528
2026-05-20 08:55:00+00:00,6916.5,6917.5,6909.0,6917.5,1561
2026-05-20 09:00:00+00:00,6922.0,6926.5,6916.5,6916.5,10260
2026-05-20 09:05:00+00:00,6926.5,6929.5,6921.0,6922.0,1386
2026-05-20 09:10:00+00:00,6924.5,6935.5,6921.0,6927.5,14254
2026-05-20 09:15:00+00:00,6928.0,6928.0,6920.0,6923.5,3158
2026-05-20 09:20:00+00:00,6925.0,6936.5,6922.5,6928.0,3862
2026-05-20 09:25:00+00:00,6916.5,6926.5,6915.0,6925.0,5012
2026-05-20 09:30:00+00:00,6890.5,6916.5,6890.0,6916.5,19360
2026-05-20 09:35:00+00:00,6897.5,6901.5,6891.0,6895.5,11135
2026-05-20 09:40:00+00:00,6897.5,6903.5,6894.0,6898.5,7818
2026-05-20 09:45:00+00:00,6891.5,6900.0,6891.0,6897.0,14334
2026-05-20 09:50:00+00:00,6886.5,6895.0,6880.0,6890.5,17529
2026-05-20 09:55:00+00:00,6893.0,6920.0,6870.0,6891.5,21729
2026-05-21 03:45:00+00:00,6902.5,6918.5,6896.5,6904.5,0
2026-05-21 03:50:00+00:00,6888.0,6900.0,6861.5,6900.0,4862
2026-05-21 03:55:00+00:00,6899.0,6899.0,6884.0,6886.0,3464
2026-05-21 04:00:00+00:00,6897.0,6905.0,6888.5,6900.0,2576
2026-05-21 04:05:00+00:00,6907.5,6907.5,6888.0,6891.5,910
2026-05-21 04:10:00+00:00,6900.5,6909.0,6897.0,6905.0,2617
2026-05-21 04:15:00+00:00,6893.0,6900.5,6890.5,6900.5,1304
2026-05-21 04:20:00+00:00,6890.5,6894.0,6886.0,6893.0,998
2026-05-21 04:25:00+00:00,6881.5,6894.0,6880.0,6890.5,3298
2026-05-21 04:30:00+00:00,6876.0,6886.0,6866.5,6884.5,2302
2026-05-21 04:35:00+00:00,6864.5,6876.5,6861.5,6873.5,1200
2026-05-21 04:40:00+00:00,6864.5,6866.5,6860.0,6863.5,1549
2026-05-21 04:45:00+00:00,6868.5,6873.0,6865.5,6868.5,1134
2026-05-21 04:50:00+00:00,6865.0,6870.5,6863.5,6870.0,679
2026-05-21 04:55:00+00:00,6868.0,6871.0,6860.0,6865.0,1241
2026-05-21 05:00:00+00:00,6870.0,6871.5,6868.0,6868.0,888
2026-05-21 05:05:00+00:00,6862.5,6871.0,6862.5,6871.0,947
2026-05-21 05:10:00+00:00,6866.5,6873.5,6862.0,6862.5,501
2026-05-21 05:15:00+00:00,6864.5,6868.0,6863.5,6865.0,327
2026-05-21 05:20:00+00:00,6868.0,6874.5,6862.0,6865.5,1774
2026-05-21 05:25:00+00:00,6868.0,6871.5,6863.5,6865.5,10544
2026-05-21 05:30:00+00:00,6854.5,6868.5,6851.0,6866.5,5413
2026-05-21 05:35:00+00:00,6859.5,6860.0,6856.5,6857.0,676
2026-05-21 05:40:00+00:00,6857.0,6860.0,6855.0,6857.0,1245
2026-05-21 05:45:00+00:00,6848.0,6855.0,6844.0,6855.0,1004
2026-05-21 05:50:00+00:00,6847.5,6852.5,6846.0,6848.0,1007
2026-05-21 05:55:00+00:00,6851.0,6852.5,6847.5,6847.5,724
2026-05-21 06:00:00+00:00,6853.0,6857.5,6850.0,6850.5,500
2026-05-21 06:05:00+00:00,6851.0,6854.0,6850.0,6850.5,190
2026-05-21 06:10:00+00:00,6848.5,6851.0,6845.5,6851.0,604
2026-05-21 06:15:00+00:00,6839.0,6848.5,6836.0,6847.0,1294
2026-05-21 06:20:00+00:00,6833.5,6837.0,6830.5,6837.0,761
2026-05-21 06:25:00+00:00,6835.0,6838.0,6829.0,6830.5,1805
2026-05-21 06:30:00+00:00,6832.0,6842.5,6830.5,6835.0,1120
2026-05-21 06:35:00+00:00,6838.5,6838.5,6832.0,6833.0,199
2026-05-21 06:40:00+00:00,6840.5,6847.0,6834.5,6834.5,1321
2026-05-21 06:45:00+00:00,6845.5,6846.5,6836.0,6840.5,806
2026-05-21 06:50:00+00:00,6850.0,6853.0,6845.0,6846.0,2086
2026-05-21 06:55:00+00:00,6850.0,6854.0,6848.0,6849.0,1029
2026-05-21 07:00:00+00:00,6853.5,6857.5,6848.0,6848.0,915
2026-05-21 07:05:00+00:00,6855.0,6858.5,6846.0,6853.5,5741
2026-05-21 07:10:00+00:00,6866.5,6866.5,6843.0,6852.5,717
2026-05-21 07:15:00+00:00,6858.0,6866.5,6853.0,6864.0,4415
2026-05-21 07:20:00+00:00,6857.5,6862.0,6854.5,6862.0,3965
2026-05-21 07:25:00+00:00,6853.0,6857.5,6848.0,6857.5,230
2026-05-21 07:30:00+00:00,6851.0,6854.5,6848.0,6851.5,621
2026-05-21 07:35:00+00:00,6868.0,6868.0,6851.0,6851.5,1095
2026-05-21 07:40:00+00:00,6855.5,6873.5,6855.5,6869.5,3580
2026-05-21 07:45:00+00:00,6854.5,6860.0,6852.0,6856.5,231
2026-05-21 07:50:00+00:00,6857.0,6857.0,6854.0,6854.5,75
2026-05-21 07:55:00+00:00,6845.0,6858.0,6845.0,6855.0,591
2026-05-21 08:00:00+00:00,6844.0,6847.0,6838.0,6847.0,1185
2026-05-21 08:05:00+00:00,6846.0,6846.0,6845.0,6845.0,70
2026-05-21 08:10:00+00:00,6850.5,6851.5,6847.0,6847.0,181
2026-05-21 08:15:00+00:00,6840.5,6849.0,6839.5,6849.0,2515
2026-05-21 08:20:00+00:00,6852.0,6855.0,6840.0,6840.5,2330
2026-05-21 08:25:00+00:00,6845.0,6850.0,6844.5,6850.0,586
2026-05-21 08:30:00+00:00,6859.0,6859.0,6843.5,6843.5,3354
2026-05-21 08:35:00+00:00,6862.0,6864.0,6858.0,6860.0,506
2026-05-21 08:40:00+00:00,6866.0,6868.0,6862.0,6862.0,529
2026-05-21 08:45:00+00:00,6870.0,6870.0,6860.0,6863.5,826
2026-05-21 08:50:00+00:00,6870.0,6870.0,6860.0,6870.0,1110
2026-05-21 08:55:00+00:00,6866.5,6871.0,6866.0,6870.0,2449
2026-05-21 09:00:00+00:00,6870.0,6873.5,6867.0,6867.0,2339
2026-05-21 09:05:00+00:00,6854.5,6877.5,6850.5,6870.0,9631
2026-05-21 09:10:00+00:00,6852.0,6858.5,6847.5,6855.0,1684
2026-05-21 09:15:00+00:00,6860.5,6864.0,6850.0,6852.5,1726
2026-05-21 09:20:00+00:00,6862.5,6870.0,6861.5,6863.5,1240
2026-05-21 09:25:00+00:00,6859.0,6866.5,6859.0,6861.0,1283
2026-05-21 09:30:00+00:00,6859.5,6867.0,6853.5,6861.0,3188
2026-05-21 09:35:00+00:00,6853.5,6865.5,6853.5,6859.5,3365
2026-05-21 09:40:00+00:00,6863.5,6864.0,6852.5,6852.5,2506
2026-05-21 09:45:00+00:00,6860.0,6863.0,6851.0,6863.0,3731
2026-05-21 09:50:00+00:00,6857.0,6858.0,6851.0,6858.0,5084
2026-05-21 09:55:00+00:00,6867.0,6867.0,6854.0,6854.5,5094
2026-05-22 03:45:00+00:00,6846.0,6884.5,6841.5,6882.5,0
2026-05-22 03:50:00+00:00,6842.5,6853.5,6838.5,6849.5,2324
2026-05-22 03:55:00+00:00,6844.5,6854.0,6838.5,6841.0,2739
2026-05-22 04:00:00+00:00,6842.5,6844.0,6833.5,6843.0,1514
2026-05-22 04:05:00+00:00,6841.0,6842.0,6822.5,6840.0,2639
2026-05-22 04:10:00+00:00,6850.5,6851.0,6836.5,6842.5,1910
2026-05-22 04:15:00+00:00,6829.0,6854.0,6829.0,6851.0,2466
2026-05-22 04:20:00+00:00,6842.0,6842.0,6829.0,6831.0,1371
2026-05-22 04:25:00+00:00,6811.0,6845.0,6811.0,6842.5,2363
2026-05-22 04:30:00+00:00,6806.5,6818.0,6802.0,6813.0,4741
2026-05-22 04:35:00+00:00,6810.5,6817.0,6803.0,6806.5,5717
2026-05-22 04:40:00+00:00,6816.0,6820.0,6806.0,6811.0,6854
2026-05-22 04:45:00+00:00,6797.5,6820.5,6794.0,6817.0,5340
2026-05-22 04:50:00+00:00,6794.5,6800.0,6791.5,6797.5,2438
2026-05-22 04:55:00+00:00,6801.0,6801.5,6791.0,6795.5,1888
2026-05-22 05:00:00+00:00,6828.0,6830.0,6800.0,6800.0,3136
2026-05-22 05:05:00+00:00,6824.5,6835.5,6821.0,6828.0,5362
2026-05-22 05:10:00+00:00,6844.0,6845.0,6829.0,6830.0,1920
2026-05-22 05:15:00+00:00,6841.0,6846.5,6837.5,6846.0,1025
2026-05-22 05:20:00+00:00,6840.5,6841.5,6836.5,6840.0,1429
2026-05-22 05:25:00+00:00,6837.5,6840.0,6837.5,6838.0,649
2026-05-22 05:30:00+00:00,6836.5,6838.0,6831.5,6838.0,820
2026-05-22 05:35:00+00:00,6838.5,6839.5,6833.0,6836.5,891
2026-05-22 05:40:00+00:00,6838.5,6840.0,6834.0,6838.5,2173
2026-05-22 05:45:00+00:00,6848.0,6849.0,6838.5,6838.5,1683
2026-05-22 05:50:00+00:00,6841.0,6850.0,6841.0,6848.0,1647
2026-05-22 05:55:00+00:00,6834.0,6844.5,6830.0,6843.0,3384
2026-05-22 06:00:00+00:00,6827.5,6840.5,6826.0,6838.0,11809
2026-05-22 06:05:00+00:00,6840.0,6840.5,6830.0,6830.0,4607
2026-05-22 06:10:00+00:00,6840.5,6845.0,6835.5,6844.0,2819
2026-05-22 06:15:00+00:00,6839.5,6850.0,6835.5,6841.0,2286
2026-05-22 06:20:00+00:00,6841.5,6844.5,6835.0,6839.0,1548
2026-05-22 06:25:00+00:00,6833.0,6842.5,6833.0,6838.5,1367
2026-05-22 06:30:00+00:00,6831.5,6835.5,6830.0,6834.5,2764
2026-05-22 06:35:00+00:00,6841.5,6845.0,6830.0,6830.0,2844
2026-05-22 06:40:00+00:00,6841.5,6841.5,6835.0,6841.5,1205
2026-05-22 06:45:00+00:00,6840.5,6844.0,6838.0,6844.0,1984
2026-05-22 06:50:00+00:00,6827.5,6841.0,6815.0,6839.0,8741
2026-05-22 06:55:00+00:00,6838.5,6843.5,6827.0,6827.5,2363
2026-05-22 07:00:00+00:00,6843.0,6843.0,6835.0,6835.0,1923
2026-05-22 07:05:00+00:00,6858.0,6859.5,6841.5,6842.0,5418
2026-05-22 07:10:00+00:00,6854.5,6865.5,6851.0,6858.0,2065
2026-05-22 07:15:00+00:00,6859.0,6863.5,6849.5,6854.5,1645
2026-05-22 07:20:00+00:00,6866.5,6867.0,6856.0,6862.5,3108
2026-05-22 07:25:00+00:00,6872.5,6873.0,6865.5,6865.5,3220
2026-05-22 07:30:00+00:00,6887.5,6887.5,6872.5,6872.5,3709
2026-05-22 07:35:00+00:00,6882.5,6888.0,6877.0,6887.5,2512
2026-05-22 07:40:00+00:00,6880.0,6883.0,6876.5,6882.0,1667
2026-05-22 07:45:00+00:00,6884.5,6888.0,6878.0,6880.0,2243
2026-05-22 07:50:00+00:00,6884.0,6887.5,6880.5,6886.5,1270
2026-05-22 07:55:00+00:00,6901.0,6909.0,6881.5,6883.0,17814
2026-05-22 08:00:00+00:00,6912.0,6912.0,6899.0,6901.0,3018
2026-05-22 08:05:00+00:00,6918.0,6921.0,6912.0,6914.0,3849
2026-05-22 08:10:00+00:00,6917.5,6922.0,6911.5,6916.5,9066
2026-05-22 08:15:00+00:00,6919.0,6924.5,6916.0,6916.5,4641
2026-05-22 08:20:00+00:00,6920.0,6922.5,6915.0,6919.0,4641
2026-05-22 08:25:00+00:00,6917.0,6920.0,6915.0,6920.0,3881
2026-05-22 08:30:00+00:00,6916.0,6918.0,6914.0,6917.0,10429
2026-05-22 08:35:00+00:00,6941.0,6942.0,6915.0,6915.5,15193
2026-05-22 08:40:00+00:00,6949.0,6950.0,6940.5,6941.0,4957
2026-05-22 08:45:00+00:00,6956.5,6958.0,6940.0,6949.0,5428
2026-05-22 08:50:00+00:00,6946.0,6954.0,6940.0,6954.0,4372
2026-05-22 08:55:00+00:00,6926.0,6948.5,6916.0,6947.5,7203
2026-05-22 09:00:00+00:00,6945.0,6945.0,6922.0,6928.5,4208
2026-05-22 09:05:00+00:00,6939.0,6943.5,6930.5,6943.5,2661
2026-05-22 09:10:00+00:00,6945.5,6952.5,6930.0,6938.0,14294
2026-05-22 09:15:00+00:00,6917.5,6949.0,6916.5,6945.0,11470
2026-05-22 09:20:00+00:00,6905.5,6918.0,6899.5,6916.0,5620
2026-05-22 09:25:00+00:00,6905.5,6914.5,6904.0,6905.5,4765
2026-05-22 09:30:00+00:00,6901.5,6909.0,6893.0,6909.0,5508
2026-05-22 09:35:00+00:00,6915.5,6915.5,6900.0,6904.5,4638
2026-05-22 09:40:00+00:00,6888.5,6919.0,6888.5,6913.0,13356
2026-05-22 09:45:00+00:00,6892.5,6896.0,6880.5,6889.0,15733
2026-05-22 09:50:00+00:00,6878.0,6890.5,6867.0,6890.5,16811
2026-05-22 09:55:00+00:00,6887.0,6900.0,6847.5,6880.0,13692
2026-05-25 03:45:00+00:00,6809.5,6832.0,6707.5,6770.0,0
2026-05-25 03:50:00+00:00,6797.0,6827.0,6790.0,6809.5,52866
2026-05-25 03:55:00+00:00,6843.5,6887.0,6790.0,6797.0,44588
2026-05-25 04:00:00+00:00,6860.5,6860.5,6812.0,6847.5,17829
2026-05-25 04:05:00+00:00,6882.0,6914.5,6861.5,6868.0,26587
2026-05-25 04:10:00+00:00,6891.0,6905.0,6880.0,6881.0,11215
2026-05-25 04:15:00+00:00,6899.0,6914.0,6883.0,6891.0,14033
2026-05-25 04:20:00+00:00,6894.0,6903.0,6885.0,6896.0,5902
2026-05-25 04:25:00+00:00,6942.5,6945.0,6886.5,6895.0,12570
2026-05-25 04:30:00+00:00,6925.5,6945.0,6915.5,6940.5,7812
2026-05-25 04:35:00+00:00,6897.0,6928.0,6889.5,6924.5,9774
2026-05-25 04:40:00+00:00,6881.0,6905.0,6874.0,6900.0,5859
2026-05-25 04:45:00+00:00,6877.0,6885.0,6856.0,6881.5,3957
2026-05-25 04:50:00+00:00,6867.5,6877.0,6850.5,6876.0,3237
2026-05-25 04:55:00+00:00,6850.5,6865.0,6842.0,6865.0,4654
2026-05-25 05:00:00+00:00,6844.5,6854.5,6832.0,6847.5,5812
2026-05-25 05:05:00+00:00,6873.0,6883.0,6836.0,6841.5,10966
2026-05-25 05:10:00+00:00,6876.0,6879.0,6861.0,6872.0,7024
2026-05-25 05:15:00+00:00,6890.5,6894.5,6873.5,6876.0,3695
2026-05-25 05:20:00+00:00,6905.5,6913.5,6890.5,6890.5,7093
2026-05-25 05:25:00+00:00,6887.0,6908.5,6886.0,6908.5,3320
2026-05-25 05:30:00+00:00,6885.5,6894.0,6880.5,6887.0,1885
2026-05-25 05:35:00+00:00,6876.5,6891.5,6875.0,6889.0,1432
2026-05-25 05:40:00+00:00,6858.0,6882.5,6856.0,6876.5,3736
2026-05-25 05:45:00+00:00,6857.5,6870.0,6846.5,6858.0,3645
2026-05-25 05:50:00+00:00,6850.0,6857.0,6847.0,6854.0,3703
2026-05-25 05:55:00+00:00,6849.0,6855.0,6848.0,6849.0,1314
2026-05-25 06:00:00+00:00,6872.5,6878.0,6846.0,6848.0,5690
2026-05-25 06:05:00+00:00,6851.5,6872.5,6849.0,6868.0,9319
2026-05-25 06:10:00+00:00,6821.5,6849.5,6817.5,6849.5,13421
2026-05-25 06:15:00+00:00,6813.0,6825.5,6810.0,6821.5,15431
2026-05-25 06:20:00+00:00,6815.5,6818.0,6786.5,6813.5,31673
2026-05-25 06:25:00+00:00,6825.5,6849.0,6815.0,6815.0,9330
2026-05-25 06:30:00+00:00,6826.0,6834.0,6820.0,6825.5,9021
2026-05-25 06:35:00+00:00,6832.5,6845.5,6820.0,6825.0,5747
2026-05-25 06:40:00+00:00,6816.0,6834.5,6813.0,6834.5,9092
2026-05-25 06:45:00+00:00,6816.5,6823.0,6813.5,6815.0,4836
2026-05-25 06:50:00+00:00,6815.5,6818.5,6807.5,6815.0,5871
2026-05-25 06:55:00+00:00,6817.0,6820.0,6810.0,6815.5,5769
2026-05-25 07:00:00+00:00,6820.0,6824.0,6812.0,6817.0,3141
2026-05-25 07:05:00+00:00,6813.0,6820.0,6812.0,6819.5,3496
2026-05-25 07:10:00+00:00,6817.0,6822.0,6812.0,6813.0,3710
2026-05-25 07:15:00+00:00,6815.5,6822.0,6815.5,6817.0,2942
2026-05-25 07:20:00+00:00,6805.0,6820.0,6805.0,6815.0,41800
2026-05-25 07:25:00+00:00,6785.0,6802.0,6782.0,6802.0,8019
2026-05-25 07:30:00+00:00,6792.0,6797.5,6783.5,6787.5,3522
2026-05-25 07:35:00+00:00,6780.0,6793.0,6769.0,6792.0,6596
2026-05-25 07:40:00+00:00,6745.0,6782.5,6745.0,6781.5,9137
2026-05-25 07:45:00+00:00,6722.0,6747.0,6721.0,6747.0,11803
2026-05-25 07:50:00+00:00,6719.0,6724.0,6710.5,6722.0,10845
2026-05-25 07:55:00+00:00,6721.0,6721.5,6709.0,6716.5,11019
2026-05-25 08:00:00+00:00,6724.0,6735.5,6714.0,6718.0,12049
2026-05-25 08:05:00+00:00,6752.0,6755.0,6720.0,6728.0,15433
2026-05-25 08:10:00+00:00,6748.5,6752.0,6733.5,6750.0,5031
2026-05-25 08:15:00+00:00,6770.0,6776.0,6748.5,6749.0,6986
2026-05-25 08:20:00+00:00,6764.5,6776.5,6755.5,6770.0,5391
2026-05-25 08:25:00+00:00,6775.0,6776.0,6760.0,6762.5,5261
2026-05-25 08:30:00+00:00,6785.5,6792.0,6775.0,6775.0,6677
2026-05-25 08:35:00+00:00,6777.5,6786.5,6771.0,6786.5,4255
2026-05-25 08:40:00+00:00,6791.0,6802.0,6777.0,6781.0,6301
2026-05-25 08:45:00+00:00,6782.5,6800.0,6774.0,6792.5,4432
2026-05-25 08:50:00+00:00,6793.5,6798.0,6783.0,6784.0,4743
2026-05-25 08:55:00+00:00,6777.0,6796.0,6774.5,6793.5,7369
2026-05-25 09:00:00+00:00,6769.5,6777.0,6764.5,6775.0,5854
2026-05-25 09:05:00+00:00,6764.0,6767.0,6753.0,6766.5,12915
2026-05-25 09:10:00+00:00,6755.5,6773.5,6750.0,6764.0,9183
2026-05-25 09:15:00+00:00,6749.0,6759.0,6746.0,6754.0,7648
2026-05-25 09:20:00+00:00,6747.0,6757.5,6747.0,6750.0,7430
2026-05-25 09:25:00+00:00,6746.0,6753.0,6746.0,6750.0,6690
2026-05-25 09:30:00+00:00,6760.5,6770.5,6745.5,6746.0,11962
2026-05-25 09:35:00+00:00,6754.5,6763.0,6754.0,6763.0,7298
2026-05-25 09:40:00+00:00,6757.0,6757.0,6744.5,6754.5,13060
2026-05-25 09:45:00+00:00,6766.5,6768.5,6749.5,6753.5,14072
2026-05-25 09:50:00+00:00,6753.5,6764.0,6745.5,6757.0,18455
2026-05-25 09:55:00+00:00,6756.5,6795.0,6750.0,6759.0,10754
2026-05-26 03:45:00+00:00,6702.5,6799.0,6700.0,6755.0,0
2026-05-26 03:50:00+00:00,6735.0,6738.0,6690.0,6703.5,22294
2026-05-26 03:55:00+00:00,6729.0,6737.5,6723.0,6733.5,5526
2026-05-26 04:00:00+00:00,6702.0,6728.5,6691.0,6728.5,9855
2026-05-26 04:05:00+00:00,6695.5,6705.0,6693.0,6699.5,4120
2026-05-26 04:10:00+00:00,6685.0,6698.0,6684.5,6698.0,6469
2026-05-26 04:15:00+00:00,6668.5,6687.0,6668.5,6685.0,5826
2026-05-26 04:20:00+00:00,6677.0,6682.0,6667.0,6670.0,5361
2026-05-26 04:25:00+00:00,6669.5,6677.0,6662.5,6675.5,3974
2026-05-26 04:30:00+00:00,6670.5,6672.5,6663.0,6670.0,3644
2026-05-26 04:35:00+00:00,6673.5,6675.0,6670.0,6670.5,2081
2026-05-26 04:40:00+00:00,6668.0,6676.5,6667.0,6673.5,2612
2026-05-26 04:45:00+00:00,6676.5,6677.5,6667.5,6667.5,2137
2026-05-26 04:50:00+00:00,6701.0,6701.0,6675.5,6676.5,4658
2026-05-26 04:55:00+00:00,6691.5,6701.5,6691.0,6699.5,4728
2026-05-26 05:00:00+00:00,6695.5,6714.0,6688.0,6691.5,6120
2026-05-26 05:05:00+00:00,6699.0,6700.0,6695.5,6695.5,1194
2026-05-26 05:10:00+00:00,6704.5,6704.5,6699.0,6699.0,1862
2026-05-26 05:15:00+00:00,6707.0,6707.0,6699.0,6702.0,2702
2026-05-26 05:20:00+00:00,6702.0,6709.5,6701.0,6709.5,2466
2026-05-26 05:25:00+00:00,6705.5,6706.5,6698.0,6701.5,2104
2026-05-26 05:30:00+00:00,6720.0,6722.0,6702.0,6705.5,7648
2026-05-26 05:35:00+00:00,6715.5,6724.5,6710.5,6720.0,9051
2026-05-26 05:40:00+00:00,6728.5,6733.5,6714.5,6715.5,5232
2026-05-26 05:45:00+00:00,6731.5,6738.0,6728.5,6728.5,3227
2026-05-26 05:50:00+00:00,6729.0,6732.0,6728.0,6731.5,1122
2026-05-26 05:55:00+00:00,6722.0,6729.5,6721.5,6729.0,1290
2026-05-26 06:00:00+00:00,6717.0,6723.0,6716.0,6721.5,3038
2026-05-26 06:05:00+00:00,6717.0,6720.0,6717.0,6717.0,410
2026-05-26 06:10:00+00:00,6725.5,6731.0,6713.0,6717.0,3388
2026-05-26 06:15:00+00:00,6730.5,6730.5,6725.5,6725.5,1159
2026-05-26 06:20:00+00:00,6731.0,6733.5,6728.0,6731.0,2069
2026-05-26 06:25:00+00:00,6726.5,6732.5,6726.5,6729.5,1173
2026-05-26 06:30:00+00:00,6738.0,6740.5,6726.0,6726.0,1945
2026-05-26 06:35:00+00:00,6723.0,6740.5,6722.5,6738.0,15680
2026-05-26 06:40:00+00:00,6723.0,6725.5,6720.0,6725.0,1710
2026-05-26 06:45:00+00:00,6724.0,6726.0,6723.0,6723.0,1439
2026-05-26 06:50:00+00:00,6710.5,6725.0,6710.0,6724.0,3746
2026-05-26 06:55:00+00:00,6709.5,6714.0,6706.5,6710.5,3058
2026-05-26 07:00:00+00:00,6717.0,6717.0,6710.0,6710.0,662
2026-05-26 07:05:00+00:00,6717.0,6717.0,6712.0,6717.0,1093
2026-05-26 07:10:00+00:00,6717.0,6719.0,6713.0,6714.0,990
2026-05-26 07:15:00+00:00,6731.5,6731.5,6714.0,6715.5,5177
2026-05-26 07:20:00+00:00,6732.5,6733.0,6724.0,6731.0,3858
2026-05-26 07:25:00+00:00,6722.5,6738.0,6720.0,6733.5,7244
2026-05-26 07:30:00+00:00,6730.5,6730.5,6720.0,6720.0,2564
2026-05-26 07:35:00+00:00,6730.5,6730.5,6720.5,6727.5,5016
2026-05-26 07:40:00+00:00,6729.0,6733.0,6728.0,6730.5,2891
2026-05-26 07:45:00+00:00,6726.5,6730.5,6726.5,6730.0,601
2026-05-26 07:50:00+00:00,6728.0,6731.5,6723.0,6726.5,2125
2026-05-26 07:55:00+00:00,6734.0,6735.0,6726.0,6728.0,1821
2026-05-26 08:00:00+00:00,6732.0,6735.0,6730.5,6731.0,2014
2026-05-26 08:05:00+00:00,6744.5,6745.0,6730.5,6734.5,4202
2026-05-26 08:10:00+00:00,6739.0,6743.5,6739.0,6743.0,1010
2026-05-26 08:15:00+00:00,6732.5,6739.0,6731.0,6737.5,1361
2026-05-26 08:20:00+00:00,6730.5,6734.5,6730.0,6731.0,1512
2026-05-26 08:25:00+00:00,6712.5,6730.0,6708.0,6727.5,5883
2026-05-26 08:30:00+00:00,6711.0,6720.0,6705.0,6712.5,10332
2026-05-26 08:35:00+00:00,6713.0,6715.5,6711.0,6713.5,344
2026-05-26 08:40:00+00:00,6714.0,6717.0,6712.5,6713.0,990
2026-05-26 08:45:00+00:00,6716.0,6716.5,6710.0,6714.0,1229
2026-05-26 08:50:00+00:00,6727.5,6728.0,6716.0,6716.0,1791
2026-05-26 08:55:00+00:00,6731.0,6732.5,6722.0,6724.5,1303
2026-05-26 09:00:00+00:00,6727.0,6737.5,6727.0,6730.0,2088
2026-05-26 09:05:00+00:00,6720.0,6732.5,6720.0,6732.5,1411
2026-05-26 09:10:00+00:00,6728.0,6731.5,6720.0,6720.0,4262
2026-05-26 09:15:00+00:00,6736.5,6737.0,6724.0,6728.0,2346
2026-05-26 09:20:00+00:00,6731.0,6736.0,6728.0,6733.5,2529
2026-05-26 09:25:00+00:00,6736.5,6738.0,6730.0,6730.5,2956
2026-05-26 09:30:00+00:00,6747.0,6750.0,6729.5,6736.5,6898
2026-05-26 09:35:00+00:00,6762.0,6762.0,6744.0,6747.5,7530
2026-05-26 09:40:00+00:00,6754.5,6773.0,6750.0,6763.5,9071
2026-05-26 09:45:00+00:00,6755.5,6758.0,6748.0,6754.5,6298
2026-05-26 09:50:00+00:00,6748.0,6756.5,6747.0,6756.5,7372
2026-05-26 09:55:00+00:00,6743.0,6758.0,6722.0,6748.0,5260
2026-05-27 03:45:00+00:00,6766.5,6785.0,6762.0,6785.0,0
2026-05-27 03:50:00+00:00,6747.5,6766.0,6747.5,6766.0,1572
2026-05-27 03:55:00+00:00,6750.0,6759.5,6738.0,6745.5,2208
2026-05-27 04:00:00+00:00,6754.0,6762.0,6745.5,6745.5,1767
2026-05-27 04:05:00+00:00,6752.5,6766.0,6752.0,6757.0,1093
2026-05-27 04:10:00+00:00,6737.0,6755.5,6731.0,6752.5,2392
2026-05-27 04:15:00+00:00,6736.5,6750.5,6735.0,6737.5,1689
2026-05-27 04:20:00+00:00,6739.0,6741.5,6734.5,6737.0,1350
2026-05-27 04:25:00+00:00,6754.0,6754.0,6739.5,6739.5,860
2026-05-27 04:30:00+00:00,6757.0,6763.5,6748.0,6752.0,2694
2026-05-27 04:35:00+00:00,6756.5,6759.5,6750.5,6757.5,917
2026-05-27 04:40:00+00:00,6731.5,6756.0,6730.5,6756.0,975
2026-05-27 04:45:00+00:00,6741.0,6747.5,6726.0,6729.0,2802
2026-05-27 04:50:00+00:00,6742.5,6753.5,6741.0,6741.5,583
2026-05-27 04:55:00+00:00,6741.0,6746.0,6741.0,6743.5,2036
2026-05-27 05:00:00+00:00,6732.0,6742.5,6732.0,6741.0,622
2026-05-27 05:05:00+00:00,6733.5,6736.5,6729.0,6732.5,278
2026-05-27 05:10:00+00:00,6732.0,6738.0,6730.5,6730.5,257
2026-05-27 05:15:00+00:00,6739.5,6739.5,6731.5,6731.5,744
2026-05-27 05:20:00+00:00,6782.0,6782.0,6736.0,6736.5,5213
2026-05-27 05:25:00+00:00,6779.5,6790.0,6773.0,6786.0,4694
2026-05-27 05:30:00+00:00,6782.0,6795.0,6777.5,6778.5,1770
2026-05-27 05:35:00+00:00,6794.5,6794.5,6780.0,6782.0,1645
2026-05-27 05:40:00+00:00,6786.5,6795.0,6785.0,6795.0,346
2026-05-27 05:45:00+00:00,6793.5,6794.5,6787.0,6790.0,1645
2026-05-27 05:50:00+00:00,6804.0,6805.0,6788.5,6790.5,980
2026-05-27 05:55:00+00:00,6816.5,6818.0,6796.0,6802.5,3937
2026-05-27 06:00:00+00:00,6813.5,6829.0,6813.5,6819.5,4098
2026-05-27 06:05:00+00:00,6824.5,6829.5,6813.5,6815.0,973
2026-05-27 06:10:00+00:00,6836.5,6838.5,6818.5,6822.0,1937
2026-05-27 06:15:00+00:00,6830.0,6843.0,6829.0,6832.5,2636
2026-05-27 06:20:00+00:00,6835.5,6840.0,6825.5,6829.0,1459
2026-05-27 06:25:00+00:00,6828.0,6841.0,6819.0,6836.0,1529
2026-05-27 06:30:00+00:00,6831.0,6836.5,6822.5,6824.0,1021
2026-05-27 06:35:00+00:00,6835.5,6840.0,6824.0,6829.0,1491
2026-05-27 06:40:00+00:00,6844.0,6846.0,6835.5,6835.5,1264
2026-05-27 06:45:00+00:00,6826.0,6848.0,6826.0,6842.0,5501
2026-05-27 06:50:00+00:00,6822.0,6831.0,6820.0,6831.0,2518
2026-05-27 06:55:00+00:00,6829.5,6835.0,6815.0,6819.0,4511
2026-05-27 07:00:00+00:00,6830.5,6830.5,6813.5,6825.5,10815
2026-05-27 07:05:00+00:00,6841.5,6844.5,6826.5,6830.0,3581
2026-05-27 07:10:00+00:00,6849.0,6855.0,6838.0,6839.0,5429
2026-05-27 07:15:00+00:00,6818.0,6848.0,6816.5,6844.5,7908
2026-05-27 07:20:00+00:00,6819.0,6824.0,6812.5,6816.5,5239
2026-05-27 07:25:00+00:00,6818.5,6825.0,6814.0,6819.0,2509
2026-05-27 07:30:00+00:00,6820.0,6822.5,6813.5,6819.0,1311
2026-05-27 07:35:00+00:00,6820.0,6823.5,6818.0,6820.5,1023
2026-05-27 07:40:00+00:00,6821.5,6828.5,6819.0,6820.0,1473
2026-05-27 07:45:00+00:00,6822.5,6825.0,6820.0,6822.0,802
2026-05-27 07:50:00+00:00,6825.0,6829.0,6820.5,6825.0,1183
2026-05-27 07:55:00+00:00,6817.0,6825.0,6816.5,6825.0,1238
2026-05-27 08:00:00+00:00,6814.5,6823.5,6814.5,6817.5,963
2026-05-27 08:05:00+00:00,6817.0,6822.0,6815.0,6820.5,979
2026-05-27 08:10:00+00:00,6811.5,6823.0,6810.0,6818.5,869
2026-05-27 08:15:00+00:00,6812.0,6815.0,6809.0,6811.5,873
2026-05-27 08:20:00+00:00,6813.0,6817.0,6810.5,6813.5,747
2026-05-27 08:25:00+00:00,6805.5,6813.0,6803.0,6813.0,1091
2026-05-27 08:30:00+00:00,6808.5,6816.5,6805.5,6805.5,986
2026-05-27 08:35:00+00:00,6806.5,6811.5,6803.0,6811.5,755
2026-05-27 08:40:00+00:00,6807.0,6812.0,6807.0,6810.0,1225
2026-05-27 08:45:00+00:00,6810.5,6812.0,6807.0,6810.0,407
2026-05-27 08:50:00+00:00,6809.5,6816.0,6809.5,6812.0,513
2026-05-27 08:55:00+00:00,6802.0,6816.0,6800.0,6813.0,2595
2026-05-27 09:00:00+00:00,6787.5,6804.0,6787.0,6801.0,1045
2026-05-27 09:05:00+00:00,6787.0,6791.0,6785.0,6787.5,505
2026-05-27 09:10:00+00:00,6785.5,6789.0,6774.5,6789.0,1503
2026-05-27 09:15:00+00:00,6788.0,6789.0,6785.0,6788.0,150
2026-05-27 09:20:00+00:00,6785.0,6793.5,6785.0,6789.5,1068
2026-05-27 09:25:00+00:00,6786.5,6793.0,6785.0,6790.5,531
2026-05-27 09:30:00+00:00,6794.5,6799.0,6790.5,6793.0,2184
2026-05-27 09:35:00+00:00,6797.5,6798.0,6792.0,6794.5,2218
2026-05-27 09:40:00+00:00,6801.0,6808.5,6795.0,6799.0,3556
2026-05-27 09:45:00+00:00,6792.5,6803.0,6790.0,6802.0,2442
2026-05-27 09:50:00+00:00,6798.5,6808.5,6791.0,6791.0,4732
2026-05-27 09:55:00+00:00,6791.5,6808.0,6791.5,6800.5,2848
2026-05-29 03:45:00+00:00,6799.5,6840.5,6789.5,6814.5,0
2026-05-29 03:50:00+00:00,6762.5,6801.5,6762.5,6799.5,2981
2026-05-29 03:55:00+00:00,6770.0,6778.5,6758.0,6763.0,6392
2026-05-29 04:00:00+00:00,6750.0,6772.0,6746.0,6766.5,5441
2026-05-29 04:05:00+00:00,6781.0,6781.0,6750.0,6750.5,5082
2026-05-29 04:10:00+00:00,6755.0,6784.5,6754.0,6781.0,2813
2026-05-29 04:15:00+00:00,6773.0,6773.0,6750.0,6754.5,2117
2026-05-29 04:20:00+00:00,6769.5,6775.0,6765.0,6767.0,1443
2026-05-29 04:25:00+00:00,6772.0,6772.5,6766.5,6769.5,1713
2026-05-29 04:30:00+00:00,6772.5,6774.0,6765.5,6769.5,1636
2026-05-29 04:35:00+00:00,6770.0,6775.0,6767.0,6772.5,1467
2026-05-29 04:40:00+00:00,6772.5,6775.0,6767.5,6767.5,1099
2026-05-29 04:45:00+00:00,6752.0,6772.0,6752.0,6769.0,1193
2026-05-29 04:50:00+00:00,6751.5,6755.0,6742.0,6755.0,2394
2026-05-29 04:55:00+00:00,6749.0,6751.5,6744.0,6750.0,1288
2026-05-29 05:00:00+00:00,6747.0,6750.0,6745.0,6750.0,721
2026-05-29 05:05:00+00:00,6748.0,6750.0,6745.0,6746.0,848
2026-05-29 05:10:00+00:00,6749.5,6753.0,6745.0,6748.0,1611
2026-05-29 05:15:00+00:00,6747.0,6747.0,6745.5,6745.5,1338
2026-05-29 05:20:00+00:00,6753.5,6757.5,6745.5,6745.5,1327
2026-05-29 05:25:00+00:00,6748.0,6751.0,6745.0,6751.0,1830
2026-05-29 05:30:00+00:00,6747.0,6753.0,6745.0,6749.0,15116
2026-05-29 05:35:00+00:00,6746.0,6748.5,6743.5,6747.5,1196
2026-05-29 05:40:00+00:00,6750.0,6750.0,6744.5,6747.5,1881
2026-05-29 05:45:00+00:00,6763.0,6768.5,6749.5,6749.5,27694
2026-05-29 05:50:00+00:00,6757.5,6763.0,6754.0,6761.0,970
2026-05-29 05:55:00+00:00,6762.5,6765.5,6757.0,6758.0,1778
2026-05-29 06:00:00+00:00,6751.0,6763.5,6750.0,6763.5,17652
2026-05-29 06:05:00+00:00,6749.0,6750.0,6744.0,6748.5,1248
2026-05-29 06:10:00+00:00,6746.0,6749.0,6741.0,6749.0,1643
2026-05-29 06:15:00+00:00,6741.0,6745.5,6741.0,6744.0,2147
2026-05-29 06:20:00+00:00,6745.0,6746.0,6740.5,6744.0,2443
2026-05-29 06:25:00+00:00,6739.0,6744.0,6738.5,6744.0,2966
2026-05-29 06:30:00+00:00,6740.0,6740.5,6737.0,6739.0,3135
2026-05-29 06:35:00+00:00,6743.0,6743.5,6737.5,6739.5,1354
2026-05-29 06:40:00+00:00,6740.0,6744.0,6737.0,6742.0,4035
2026-05-29 06:45:00+00:00,6743.0,6747.5,6737.0,6738.5,6934
2026-05-29 06:50:00+00:00,6759.0,6762.0,6741.5,6743.0,1676
2026-05-29 06:55:00+00:00,6756.0,6760.5,6752.0,6760.0,2270
2026-05-29 07:00:00+00:00,6754.0,6758.0,6752.5,6758.0,1728
2026-05-29 07:05:00+00:00,6757.0,6761.0,6752.5,6753.0,1817
2026-05-29 07:10:00+00:00,6765.0,6765.0,6745.0,6757.5,23110
2026-05-29 07:15:00+00:00,6756.0,6765.5,6755.0,6761.5,1219
2026-05-29 07:20:00+00:00,6755.0,6764.0,6755.0,6755.5,2171
2026-05-29 07:25:00+00:00,6755.5,6755.5,6754.0,6755.0,3357
2026-05-29 07:30:00+00:00,6757.0,6757.5,6753.0,6755.0,2418
2026-05-29 07:35:00+00:00,6746.5,6757.5,6739.0,6757.0,6919
2026-05-29 07:40:00+00:00,6740.0,6746.0,6738.5,6743.0,1634
2026-05-29 07:45:00+00:00,6741.5,6747.0,6738.5,6739.0,1754
2026-05-29 07:50:00+00:00,6740.5,6744.0,6740.0,6741.0,797
2026-05-29 07:55:00+00:00,6741.0,6741.0,6740.0,6740.0,2282
2026-05-29 08:00:00+00:00,6741.0,6743.5,6740.0,6742.0,888
2026-05-29 08:05:00+00:00,6742.0,6742.5,6740.0,6741.0,2154
2026-05-29 08:10:00+00:00,6740.5,6742.5,6740.0,6742.0,846
2026-05-29 08:15:00+00:00,6746.5,6748.5,6740.5,6741.0,2450
2026-05-29 08:20:00+00:00,6740.0,6746.0,6740.0,6743.5,1545
2026-05-29 08:25:00+00:00,6747.0,6747.5,6741.0,6742.0,1419
2026-05-29 08:30:00+00:00,6740.5,6747.0,6740.5,6747.0,981
2026-05-29 08:35:00+00:00,6744.5,6745.0,6740.0,6740.5,2172
2026-05-29 08:40:00+00:00,6746.5,6746.5,6741.0,6744.0,1956
2026-05-29 08:45:00+00:00,6742.0,6747.5,6741.5,6746.5,1551
2026-05-29 08:50:00+00:00,6744.0,6744.0,6740.5,6741.5,1568
2026-05-29 08:55:00+00:00,6742.0,6744.0,6739.5,6744.0,2598
2026-05-29 09:00:00+00:00,6750.0,6750.0,6740.5,6741.5,2100
2026-05-29 09:05:00+00:00,6746.0,6750.0,6741.5,6750.0,994
2026-05-29 09:10:00+00:00,6743.0,6746.5,6739.5,6742.5,2079
2026-05-29 09:15:00+00:00,6748.0,6750.0,6743.0,6743.0,4750
2026-05-29 09:20:00+00:00,6751.5,6752.0,6747.5,6748.5,2828
2026-05-29 09:25:00+00:00,6746.0,6752.0,6742.0,6752.0,3017
2026-05-29 09:30:00+00:00,6683.5,6745.0,6682.0,6745.0,76897
2026-05-29 09:35:00+00:00,6674.5,6694.5,6671.0,6681.0,61426
2026-05-29 09:40:00+00:00,6656.5,6675.0,6648.0,6675.0,60493
2026-05-29 09:45:00+00:00,6658.5,6674.0,6654.0,6656.5,63712
2026-05-29 09:50:00+00:00,6631.0,6657.5,6629.0,6653.0,60201
2026-05-29 09:55:00+00:00,6682.0,6684.0,6593.5,6629.5,51277
2026-06-01 03:45:00+00:00,6655.0,6702.5,6654.0,6702.5,0
2026-06-01 03:50:00+00:00,6651.5,6658.0,6636.5,6651.5,3047
2026-06-01 03:55:00+00:00,6615.0,6649.0,6613.0,6649.0,2287
2026-06-01 04:00:00+00:00,6599.0,6615.5,6599.0,6613.5,1621
2026-06-01 04:05:00+00:00,6592.0,6597.0,6571.0,6595.0,2457
2026-06-01 04:10:00+00:00,6600.5,6606.0,6586.5,6594.0,1066
2026-06-01 04:15:00+00:00,6614.5,6622.5,6599.0,6600.5,1690
2026-06-01 04:20:00+00:00,6625.5,6625.5,6609.5,6617.5,2003
2026-06-01 04:25:00+00:00,6631.0,6634.0,6624.5,6626.0,1394
2026-06-01 04:30:00+00:00,6624.5,6633.5,6621.0,6633.5,1398
2026-06-01 04:35:00+00:00,6643.0,6646.5,6624.5,6624.5,1844
2026-06-01 04:40:00+00:00,6651.5,6658.0,6641.0,6641.0,1397
2026-06-01 04:45:00+00:00,6650.0,6660.0,6650.0,6654.0,1286
2026-06-01 04:50:00+00:00,6657.0,6665.0,6651.5,6651.5,682
2026-06-01 04:55:00+00:00,6655.0,6662.0,6649.0,6659.0,912
2026-06-01 05:00:00+00:00,6650.0,6654.5,6648.0,6651.0,695
2026-06-01 05:05:00+00:00,6645.5,6651.0,6643.0,6651.0,1904
2026-06-01 05:10:00+00:00,6638.0,6649.0,6638.0,6646.0,558
2026-06-01 05:15:00+00:00,6654.0,6654.5,6638.0,6638.0,483
2026-06-01 05:20:00+00:00,6666.0,6676.0,6651.5,6652.0,1835
2026-06-01 05:25:00+00:00,6657.0,6670.5,6657.0,6666.0,659
2026-06-01 05:30:00+00:00,6662.5,6665.0,6655.5,6656.5,915
2026-06-01 05:35:00+00:00,6659.5,6666.5,6653.5,6665.0,745
2026-06-01 05:40:00+00:00,6657.5,6661.5,6655.0,6659.5,1126
2026-06-01 05:45:00+00:00,6665.5,6666.5,6657.5,6657.5,434
2026-06-01 05:50:00+00:00,6648.0,6666.0,6646.5,6666.0,887
2026-06-01 05:55:00+00:00,6634.5,6655.5,6633.5,6648.0,823
2026-06-01 06:00:00+00:00,6630.0,6641.0,6628.0,6636.0,677
2026-06-01 06:05:00+00:00,6627.0,6648.0,6621.0,6630.0,6089
2026-06-01 06:10:00+00:00,6608.5,6629.0,6605.0,6626.0,6612
2026-06-01 06:15:00+00:00,6617.5,6620.0,6606.0,6607.0,1481
2026-06-01 06:20:00+00:00,6618.0,6620.0,6611.0,6617.5,884
2026-06-01 06:25:00+00:00,6609.0,6618.0,6609.0,6618.0,1233
2026-06-01 06:30:00+00:00,6609.0,6613.0,6607.5,6609.0,606
2026-06-01 06:35:00+00:00,6609.5,6615.5,6607.5,6612.0,884
2026-06-01 06:40:00+00:00,6613.5,6615.5,6609.5,6609.5,653
2026-06-01 06:45:00+00:00,6597.5,6620.0,6597.5,6613.5,2822
2026-06-01 06:50:00+00:00,6613.5,6613.5,6596.5,6597.0,826
2026-06-01 06:55:00+00:00,6601.0,6609.5,6599.5,6609.0,639
2026-06-01 07:00:00+00:00,6599.0,6605.0,6599.0,6601.0,774
2026-06-01 07:05:00+00:00,6600.0,6603.0,6597.0,6597.0,859
2026-06-01 07:10:00+00:00,6599.5,6600.0,6594.5,6600.0,458
2026-06-01 07:15:00+00:00,6602.0,6605.0,6596.5,6600.5,404
2026-06-01 07:20:00+00:00,6607.0,6607.5,6599.5,6602.0,2326
2026-06-01 07:25:00+00:00,6604.5,6607.5,6600.0,6604.5,1577
2026-06-01 07:30:00+00:00,6600.0,6606.5,6599.5,6604.5,871
2026-06-01 07:35:00+00:00,6584.5,6601.5,6583.5,6600.0,1403
2026-06-01 07:40:00+00:00,6582.5,6585.5,6576.0,6584.5,1507
2026-06-01 07:45:00+00:00,6585.0,6589.5,6582.5,6582.5,757
2026-06-01 07:50:00+00:00,6583.5,6589.0,6583.0,6585.5,477
2026-06-01 07:55:00+00:00,6587.5,6587.5,6580.0,6583.5,1067
2026-06-01 08:00:00+00:00,6585.0,6588.5,6581.0,6586.5,1403
2026-06-01 08:05:00+00:00,6582.0,6586.0,6581.0,6585.0,761
2026-06-01 08:10:00+00:00,6581.0,6582.5,6578.0,6582.0,633
2026-06-01 08:15:00+00:00,6577.5,6581.0,6576.0,6581.0,758
2026-06-01 08:20:00+00:00,6577.0,6579.0,6573.0,6577.5,989
2026-06-01 08:25:00+00:00,6576.5,6582.5,6574.5,6577.0,1592
2026-06-01 08:30:00+00:00,6565.0,6576.5,6561.5,6574.5,1829
2026-06-01 08:35:00+00:00,6567.0,6571.5,6564.0,6565.0,1154
2026-06-01 08:40:00+00:00,6564.0,6570.5,6560.5,6567.0,1791
2026-06-01 08:45:00+00:00,6571.5,6574.0,6562.0,6563.5,1226
2026-06-01 08:50:00+00:00,6562.0,6575.0,6562.0,6571.5,732
2026-06-01 08:55:00+00:00,6557.0,6564.0,6556.5,6561.5,1409
2026-06-01 09:00:00+00:00,6553.5,6562.5,6550.0,6557.0,1512
2026-06-01 09:05:00+00:00,6571.5,6573.5,6552.5,6553.0,1408
2026-06-01 09:10:00+00:00,6569.0,6570.0,6564.0,6568.0,765
2026-06-01 09:15:00+00:00,6563.0,6574.5,6561.5,6569.0,1289
2026-06-01 09:20:00+00:00,6552.0,6566.0,6550.0,6564.0,1033
2026-06-01 09:25:00+00:00,6550.5,6554.0,6546.0,6554.0,713
2026-06-01 09:30:00+00:00,6549.0,6549.5,6536.0,6549.5,5233
2026-06-01 09:35:00+00:00,6562.0,6562.0,6544.5,6549.0,4180
2026-06-01 09:40:00+00:00,6556.5,6563.0,6554.0,6561.5,4187
2026-06-01 09:45:00+00:00,6557.0,6569.0,6557.0,6557.0,4616
2026-06-01 09:50:00+00:00,6549.5,6557.0,6548.0,6557.0,5870
2026-06-01 09:55:00+00:00,6545.0,6562.0,6545.0,6549.5,5473
2026-06-02 03:45:00+00:00,6514.5,6548.5,6507.0,6523.5,0
2026-06-02 03:50:00+00:00,6499.5,6518.5,6491.5,6518.5,3513
2026-06-02 03:55:00+00:00,6495.5,6504.0,6491.5,6498.0,1563
2026-06-02 04:00:00+00:00,6467.0,6503.0,6465.5,6500.0,3222
2026-06-02 04:05:00+00:00,6486.0,6490.0,6469.0,6474.0,3192
2026-06-02 04:10:00+00:00,6496.5,6500.0,6479.5,6484.0,3469
2026-06-02 04:15:00+00:00,6512.0,6512.0,6494.5,6496.5,1034
2026-06-02 04:20:00+00:00,6516.0,6524.5,6509.5,6512.0,2446
2026-06-02 04:25:00+00:00,6512.0,6519.5,6509.0,6516.0,342
2026-06-02 04:30:00+00:00,6498.5,6513.0,6498.5,6512.5,523
2026-06-02 04:35:00+00:00,6506.0,6509.0,6498.0,6499.0,1807
2026-06-02 04:40:00+00:00,6505.0,6506.0,6498.0,6499.5,792
2026-06-02 04:45:00+00:00,6513.0,6513.0,6501.5,6505.0,1242
2026-06-02 04:50:00+00:00,6523.0,6523.5,6512.5,6513.5,1567
2026-06-02 04:55:00+00:00,6533.0,6534.5,6523.0,6523.0,1078
2026-06-02 05:00:00+00:00,6539.0,6543.0,6528.0,6533.0,2179
2026-06-02 05:05:00+00:00,6506.0,6541.0,6506.0,6537.5,3075
2026-06-02 05:10:00+00:00,6506.0,6515.0,6504.0,6506.0,1234
2026-06-02 05:15:00+00:00,6505.0,6511.0,6504.0,6507.5,3879
2026-06-02 05:20:00+00:00,6487.0,6510.5,6484.5,6506.5,6653
2026-06-02 05:25:00+00:00,6488.0,6490.0,6472.0,6485.0,3945
2026-06-02 05:30:00+00:00,6489.5,6490.0,6483.0,6488.0,1427
2026-06-02 05:35:00+00:00,6490.0,6493.5,6486.5,6489.0,998
2026-06-02 05:40:00+00:00,6492.0,6496.0,6486.5,6489.0,1183
2026-06-02 05:45:00+00:00,6493.0,6496.0,6489.0,6494.5,1730
2026-06-02 05:50:00+00:00,6492.0,6496.5,6490.5,6493.0,1840
2026-06-02 05:55:00+00:00,6487.0,6492.0,6484.0,6492.0,1268
2026-06-02 06:00:00+00:00,6475.0,6490.5,6472.0,6490.5,1703
2026-06-02 06:05:00+00:00,6468.0,6478.0,6468.0,6475.0,2122
2026-06-02 06:10:00+00:00,6469.5,6471.0,6468.0,6468.0,956
2026-06-02 06:15:00+00:00,6476.0,6477.0,6469.5,6469.5,922
2026-06-02 06:20:00+00:00,6470.5,6477.5,6470.5,6477.0,2310
2026-06-02 06:25:00+00:00,6462.0,6473.5,6462.0,6470.5,2591
2026-06-02 06:30:00+00:00,6458.0,6463.0,6456.0,6463.0,2467
2026-06-02 06:35:00+00:00,6459.5,6465.0,6453.0,6458.5,1362
2026-06-02 06:40:00+00:00,6450.5,6457.5,6450.5,6456.0,849
2026-06-02 06:45:00+00:00,6451.0,6456.5,6450.5,6450.5,1057
2026-06-02 06:50:00+00:00,6451.5,6454.5,6451.0,6451.5,404
2026-06-02 06:55:00+00:00,6452.0,6458.0,6451.5,6454.0,504
2026-06-02 07:00:00+00:00,6466.0,6468.5,6451.0,6454.5,1308
2026-06-02 07:05:00+00:00,6457.0,6466.0,6455.5,6466.0,1067
2026-06-02 07:10:00+00:00,6456.5,6461.5,6451.0,6455.0,2438
2026-06-02 07:15:00+00:00,6464.0,6471.0,6459.0,6459.0,1746
2026-06-02 07:20:00+00:00,6461.5,6467.0,6459.5,6465.0,2467
2026-06-02 07:25:00+00:00,6469.0,6470.0,6463.0,6463.0,489
2026-06-02 07:30:00+00:00,6456.0,6472.0,6456.0,6469.0,3039
2026-06-02 07:35:00+00:00,6453.0,6456.0,6453.0,6456.0,1724
2026-06-02 07:40:00+00:00,6453.0,6455.0,6451.0,6453.0,1721
2026-06-02 07:45:00+00:00,6454.0,6456.0,6453.0,6453.0,1225
2026-06-02 07:50:00+00:00,6456.0,6456.0,6453.0,6454.0,693
2026-06-02 07:55:00+00:00,6465.0,6467.0,6452.0,6457.5,3515
2026-06-02 08:00:00+00:00,6467.0,6469.5,6464.5,6465.0,1560
2026-06-02 08:05:00+00:00,6460.0,6471.0,6459.5,6471.0,2612
2026-06-02 08:10:00+00:00,6456.0,6461.0,6455.0,6459.5,1601
2026-06-02 08:15:00+00:00,6464.0,6468.5,6456.0,6456.0,1879
2026-06-02 08:20:00+00:00,6463.5,6466.5,6459.0,6464.0,2261
2026-06-02 08:25:00+00:00,6469.0,6474.0,6462.0,6466.5,4638
2026-06-02 08:30:00+00:00,6467.5,6472.0,6466.0,6469.5,2848
2026-06-02 08:35:00+00:00,6485.0,6486.5,6467.5,6467.5,6671
2026-06-02 08:40:00+00:00,6485.0,6495.5,6480.5,6485.0,3723
2026-06-02 08:45:00+00:00,6484.5,6490.0,6473.5,6485.0,3306
2026-06-02 08:50:00+00:00,6533.0,6533.5,6484.5,6484.5,46745
2026-06-02 08:55:00+00:00,6528.0,6533.0,6509.5,6533.0,43099
2026-06-02 09:00:00+00:00,6516.0,6531.0,6504.5,6529.5,36858
2026-06-02 09:05:00+00:00,6494.5,6522.5,6494.5,6516.5,7394
2026-06-02 09:10:00+00:00,6506.5,6512.5,6487.0,6494.0,9638
2026-06-02 09:15:00+00:00,6528.5,6533.0,6500.5,6506.5,9778
2026-06-02 09:20:00+00:00,6543.0,6552.0,6517.0,6532.0,12466
2026-06-02 09:25:00+00:00,6530.0,6545.5,6529.0,6543.0,2179
2026-06-02 09:30:00+00:00,6536.5,6536.5,6514.5,6526.5,12416
2026-06-02 09:35:00+00:00,6542.0,6549.5,6533.0,6533.0,12950
2026-06-02 09:40:00+00:00,6530.0,6548.5,6526.0,6544.0,8702
2026-06-02 09:45:00+00:00,6533.5,6543.5,6526.5,6531.5,10489
2026-06-02 09:50:00+00:00,6527.0,6535.0,6521.5,6535.0,10763
2026-06-02 09:55:00+00:00,6533.0,6533.0,6506.5,6527.0,5661
2026-06-03 03:45:00+00:00,6504.5,6508.5,6464.0,6502.5,0
2026-06-03 03:50:00+00:00,6497.0,6510.0,6494.5,6494.5,1924
2026-06-03 03:55:00+00:00,6513.0,6513.5,6497.0,6500.0,2726
2026-06-03 04:00:00+00:00,6500.0,6515.0,6495.5,6509.5,4654
2026-06-03 04:05:00+00:00,6520.0,6520.0,6496.0,6499.0,705
2026-06-03 04:10:00+00:00,6527.0,6527.0,6512.5,6521.0,4567
2026-06-03 04:15:00+00:00,6552.0,6559.0,6521.5,6528.0,3679
2026-06-03 04:20:00+00:00,6547.0,6555.0,6545.0,6551.5,1538
2026-06-03 04:25:00+00:00,6554.0,6558.5,6539.5,6544.0,3168
2026-06-03 04:30:00+00:00,6563.5,6565.5,6551.0,6556.0,5352
2026-06-03 04:35:00+00:00,6567.0,6575.5,6561.5,6571.5,8275
2026-06-03 04:40:00+00:00,6550.0,6565.0,6550.0,6563.5,4057
2026-06-03 04:45:00+00:00,6563.5,6568.0,6550.0,6554.0,1818
2026-06-03 04:50:00+00:00,6553.0,6565.0,6553.0,6560.0,478
2026-06-03 04:55:00+00:00,6536.5,6553.5,6533.5,6551.0,1945
2026-06-03 05:00:00+00:00,6543.0,6545.0,6535.0,6535.0,2180
2026-06-03 05:05:00+00:00,6548.0,6556.0,6541.5,6544.0,4249
2026-06-03 05:10:00+00:00,6530.5,6548.0,6530.5,6548.0,5837
2026-06-03 05:15:00+00:00,6528.5,6535.0,6521.5,6530.0,1609
2026-06-03 05:20:00+00:00,6527.5,6535.0,6525.0,6531.0,776
2026-06-03 05:25:00+00:00,6516.0,6529.5,6515.0,6525.5,4114
2026-06-03 05:30:00+00:00,6538.0,6545.0,6511.0,6517.0,2740
2026-06-03 05:35:00+00:00,6541.0,6550.0,6537.0,6537.0,2815
2026-06-03 05:40:00+00:00,6546.5,6551.0,6541.0,6544.0,2725
2026-06-03 05:45:00+00:00,6555.0,6557.5,6545.0,6547.0,1545
2026-06-03 05:50:00+00:00,6557.5,6562.0,6554.0,6555.0,1523
2026-06-03 05:55:00+00:00,6568.0,6569.5,6553.5,6557.5,943
2026-06-03 06:00:00+00:00,6561.5,6571.5,6561.0,6566.5,1031
2026-06-03 06:05:00+00:00,6547.5,6564.0,6542.0,6561.5,2205
2026-06-03 06:10:00+00:00,6535.0,6550.0,6530.0,6547.5,2456
2026-06-03 06:15:00+00:00,6542.5,6542.5,6535.0,6538.0,507
2026-06-03 06:20:00+00:00,6560.5,6564.5,6541.0,6542.5,24405
2026-06-03 06:25:00+00:00,6550.0,6562.0,6550.0,6561.0,13558
2026-06-03 06:30:00+00:00,6550.0,6554.0,6550.0,6550.0,16318
2026-06-03 06:35:00+00:00,6550.0,6553.0,6550.0,6553.0,3277
2026-06-03 06:40:00+00:00,6550.0,6550.0,6550.0,6550.0,5048
2026-06-03 06:45:00+00:00,6554.0,6554.0,6550.0,6550.0,3840
2026-06-03 06:50:00+00:00,6555.5,6559.0,6553.0,6554.0,1035
2026-06-03 06:55:00+00:00,6561.5,6563.5,6557.0,6557.0,814
2026-06-03 07:00:00+00:00,6565.0,6587.0,6564.5,6564.5,219483
2026-06-03 07:05:00+00:00,6580.0,6590.0,6550.0,6565.0,58723
2026-06-03 07:10:00+00:00,6567.5,6590.5,6564.5,6585.0,4595
2026-06-03 07:15:00+00:00,6555.5,6571.0,6555.0,6566.5,2880
2026-06-03 07:20:00+00:00,6560.5,6562.5,6556.0,6556.5,269
2026-06-03 07:25:00+00:00,6576.0,6576.0,6557.5,6557.5,4839
2026-06-03 07:30:00+00:00,6597.0,6604.5,6576.0,6576.0,18172
2026-06-03 07:35:00+00:00,6582.0,6599.0,6580.0,6599.0,3020
2026-06-03 07:40:00+00:00,6583.5,6587.0,6576.0,6581.0,1484
2026-06-03 07:45:00+00:00,6577.5,6591.0,6577.0,6588.5,1085
2026-06-03 07:50:00+00:00,6578.0,6584.0,6577.5,6577.5,178
2026-06-03 07:55:00+00:00,6575.0,6583.5,6575.0,6578.0,656
2026-06-03 08:00:00+00:00,6577.0,6577.5,6570.0,6577.5,406
2026-06-03 08:05:00+00:00,6568.0,6575.0,6565.5,6575.0,737
2026-06-03 08:10:00+00:00,6560.5,6569.0,6560.5,6566.5,774
2026-06-03 08:15:00+00:00,6571.0,6577.0,6561.0,6562.5,2004
2026-06-03 08:20:00+00:00,6566.0,6572.5,6563.5,6569.0,1516
2026-06-03 08:25:00+00:00,6570.5,6572.5,6567.5,6572.5,120
2026-06-03 08:30:00+00:00,6573.5,6574.0,6568.5,6573.5,181
2026-06-03 08:35:00+00:00,6574.5,6579.0,6570.5,6575.0,260
2026-06-03 08:40:00+00:00,6572.5,6574.0,6569.0,6571.0,889
2026-06-03 08:45:00+00:00,6578.0,6580.0,6572.5,6576.5,337
2026-06-03 08:50:00+00:00,6590.5,6594.0,6576.0,6578.0,4638
2026-06-03 08:55:00+00:00,6589.5,6597.5,6589.0,6591.0,4049
2026-06-03 09:00:00+00:00,6597.0,6600.0,6589.0,6590.5,5668
2026-06-03 09:05:00+00:00,6594.5,6601.0,6579.0,6597.0,7587
2026-06-03 09:10:00+00:00,6587.0,6600.0,6585.0,6597.5,5718
2026-06-03 09:15:00+00:00,6587.0,6592.5,6583.5,6587.0,2382
2026-06-03 09:20:00+00:00,6588.0,6590.5,6585.0,6585.0,2648
2026-06-03 09:25:00+00:00,6580.0,6592.0,6574.5,6588.0,3741
2026-06-03 09:30:00+00:00,6574.0,6586.5,6569.0,6582.5,7867
2026-06-03 09:35:00+00:00,6571.5,6579.0,6570.5,6574.0,6392
2026-06-03 09:40:00+00:00,6569.5,6574.5,6562.5,6571.5,6235
2026-06-03 09:45:00+00:00,6580.0,6582.0,6565.0,6569.0,6424
2026-06-03 09:50:00+00:00,6583.5,6587.5,6578.5,6581.0,8339
2026-06-03 09:55:00+00:00,6566.0,6592.5,6565.0,6573.5,10117
2026-06-04 03:45:00+00:00,6570.5,6576.5,6525.0,6564.5,0
2026-06-04 03:50:00+00:00,6578.5,6587.0,6570.5,6570.5,3342
2026-06-04 03:55:00+00:00,6586.0,6598.5,6580.0,6582.5,3879
2026-06-04 04:00:00+00:00,6633.0,6654.0,6581.5,6586.5,8310
2026-06-04 04:05:00+00:00,6648.5,6650.0,6621.5,6632.5,7051
2026-06-04 04:10:00+00:00,6657.0,6657.0,6644.0,6645.0,3247
2026-06-04 04:15:00+00:00,6654.5,6657.0,6643.5,6657.0,3526
2026-06-04 04:20:00+00:00,6654.0,6655.0,6641.5,6650.0,5424
2026-06-04 04:25:00+00:00,6655.0,6659.5,6651.0,6653.0,4323
2026-06-04 04:30:00+00:00,6654.5,6658.0,6651.5,6655.0,2972
2026-06-04 04:35:00+00:00,6657.5,6663.0,6652.5,6654.0,2517
2026-06-04 04:40:00+00:00,6645.0,6658.5,6645.0,6658.5,2570
2026-06-04 04:45:00+00:00,6650.5,6659.0,6644.0,6648.0,3999
2026-06-04 04:50:00+00:00,6654.0,6656.0,6651.0,6651.5,3490
2026-06-04 04:55:00+00:00,6651.5,6658.5,6648.0,6653.5,2395
2026-06-04 05:00:00+00:00,6649.0,6655.0,6630.0,6651.5,8722
2026-06-04 05:05:00+00:00,6650.0,6656.5,6646.0,6650.0,1980
2026-06-04 05:10:00+00:00,6657.0,6657.5,6647.5,6648.0,1587
2026-06-04 05:15:00+00:00,6646.0,6657.0,6646.0,6657.0,3940
2026-06-04 05:20:00+00:00,6648.0,6650.0,6645.0,6646.5,917
2026-06-04 05:25:00+00:00,6650.0,6652.5,6645.0,6648.0,818
2026-06-04 05:30:00+00:00,6650.0,6655.0,6645.0,6650.0,1608
2026-06-04 05:35:00+00:00,6656.5,6657.5,6645.0,6649.0,2062
2026-06-04 05:40:00+00:00,6667.5,6670.5,6657.0,6657.0,3133
2026-06-04 05:45:00+00:00,6697.5,6699.5,6667.5,6667.5,7525
2026-06-04 05:50:00+00:00,6692.5,6698.5,6691.0,6697.5,6278
2026-06-04 05:55:00+00:00,6692.0,6700.0,6689.0,6692.5,6299
2026-06-04 06:00:00+00:00,6676.0,6695.0,6675.0,6694.5,3296
2026-06-04 06:05:00+00:00,6679.0,6681.0,6672.5,6675.5,1706
2026-06-04 06:10:00+00:00,6682.0,6683.5,6674.0,6675.5,2088
2026-06-04 06:15:00+00:00,6678.0,6683.0,6674.5,6682.0,826
2026-06-04 06:20:00+00:00,6672.5,6678.5,6663.5,6676.0,2339
2026-06-04 06:25:00+00:00,6671.5,6675.5,6668.0,6672.5,632
2026-06-04 06:30:00+00:00,6691.0,6698.0,6668.5,6668.5,4648
2026-06-04 06:35:00+00:00,6661.0,6690.5,6661.0,6688.0,1907
2026-06-04 06:40:00+00:00,6655.5,6664.5,6652.5,6661.0,4431
2026-06-04 06:45:00+00:00,6650.0,6656.5,6649.0,6653.0,1102
2026-06-04 06:50:00+00:00,6647.0,6653.0,6637.5,6651.0,7116
2026-06-04 06:55:00+00:00,6643.5,6651.5,6641.0,6648.0,1746
2026-06-04 07:00:00+00:00,6630.0,6648.0,6629.5,6643.5,9014
2026-06-04 07:05:00+00:00,6635.0,6641.0,6630.0,6630.5,2114
2026-06-04 07:10:00+00:00,6634.0,6638.0,6630.0,6633.5,913
2026-06-04 07:15:00+00:00,6640.0,6640.5,6630.5,6633.5,2449
2026-06-04 07:20:00+00:00,6628.0,6638.5,6624.0,6636.0,6489
2026-06-04 07:25:00+00:00,6642.0,6643.0,6627.0,6629.0,7836
2026-06-04 07:30:00+00:00,6630.5,6646.5,6628.0,6640.0,4856
2026-06-04 07:35:00+00:00,6630.5,6632.0,6625.0,6632.0,2339
2026-06-04 07:40:00+00:00,6617.0,6630.0,6613.5,6627.0,2485
2026-06-04 07:45:00+00:00,6607.5,6618.0,6605.5,6616.5,3774
2026-06-04 07:50:00+00:00,6612.5,6616.5,6607.5,6607.5,8702
2026-06-04 07:55:00+00:00,6608.5,6616.5,6608.5,6612.5,1735
2026-06-04 08:00:00+00:00,6612.5,6612.5,6605.0,6611.0,2919
2026-06-04 08:05:00+00:00,6605.5,6612.5,6605.0,6609.0,3308
2026-06-04 08:10:00+00:00,6607.0,6609.0,6604.0,6605.5,2122
2026-06-04 08:15:00+00:00,6608.0,6609.5,6603.5,6607.0,1609
2026-06-04 08:20:00+00:00,6605.0,6607.0,6602.0,6607.0,1297
2026-06-04 08:25:00+00:00,6601.5,6605.5,6600.0,6604.0,2218
2026-06-04 08:30:00+00:00,6601.5,6610.5,6601.5,6601.5,2559
2026-06-04 08:35:00+00:00,6615.5,6616.0,6600.0,6604.5,3988
2026-06-04 08:40:00+00:00,6619.0,6623.0,6611.5,6615.0,2915
2026-06-04 08:45:00+00:00,6613.5,6623.5,6612.5,6619.0,3118
2026-06-04 08:50:00+00:00,6617.5,6621.0,6610.5,6613.5,2298
2026-06-04 08:55:00+00:00,6622.5,6626.5,6616.5,6617.0,2891
2026-06-04 09:00:00+00:00,6621.0,6626.0,6619.0,6621.0,2858
2026-06-04 09:05:00+00:00,6621.0,6625.5,6618.5,6621.0,4398
2026-06-04 09:10:00+00:00,6624.0,6630.0,6619.5,6620.5,5416
2026-06-04 09:15:00+00:00,6624.0,6631.5,6622.5,6624.0,5191
2026-06-04 09:20:00+00:00,6613.0,6628.0,6613.0,6624.0,6473
2026-06-04 09:25:00+00:00,6611.5,6619.5,6610.5,6613.0,3600
2026-06-04 09:30:00+00:00,6594.5,6610.5,6594.5,6610.5,13644
2026-06-04 09:35:00+00:00,6595.0,6600.0,6590.0,6594.0,10950
2026-06-04 09:40:00+00:00,6595.0,6597.0,6591.5,6596.5,12491
2026-06-04 09:45:00+00:00,6591.5,6604.5,6591.5,6594.0,16306
2026-06-04 09:50:00+00:00,6595.5,6595.5,6589.0,6592.5,16859
2026-06-04 09:55:00+00:00,6596.5,6600.0,6585.0,6594.0,22411
2026-06-05 03:45:00+00:00,6603.5,6603.5,6570.0,6596.5,0
2026-06-05 03:50:00+00:00,6609.0,6617.5,6597.0,6603.5,3313
2026-06-05 03:55:00+00:00,6591.0,6611.5,6583.5,6611.5,4757
2026-06-05 04:00:00+00:00,6596.0,6599.5,6590.5,6591.5,661
2026-06-05 04:05:00+00:00,6593.5,6610.0,6584.0,6599.0,3730
2026-06-05 04:10:00+00:00,6599.5,6599.5,6588.0,6596.0,1441
2026-06-05 04:15:00+00:00,6608.0,6608.0,6597.5,6599.5,2569
2026-06-05 04:20:00+00:00,6610.0,6622.5,6606.0,6610.0,15818
2026-06-05 04:25:00+00:00,6603.0,6608.5,6600.0,6606.0,1430
2026-06-05 04:30:00+00:00,6606.5,6611.0,6600.0,6605.0,1582
2026-06-05 04:35:00+00:00,6611.0,6619.0,6602.5,6605.0,744
2026-06-05 04:40:00+00:00,6612.5,6616.0,6611.0,6611.0,825
2026-06-05 04:45:00+00:00,6616.5,6619.0,6612.5,6617.0,801
2026-06-05 04:50:00+00:00,6617.0,6617.0,6613.0,6614.0,862
2026-06-05 04:55:00+00:00,6612.0,6616.5,6603.5,6616.5,1131
2026-06-05 05:00:00+00:00,6607.0,6613.0,6607.0,6612.0,808
2026-06-05 05:05:00+00:00,6607.0,6611.0,6600.5,6606.5,1279
2026-06-05 05:10:00+00:00,6607.0,6612.0,6605.5,6611.5,1706
2026-06-05 05:15:00+00:00,6608.0,6610.5,6603.0,6608.0,758
2026-06-05 05:20:00+00:00,6615.0,6618.5,6608.5,6612.0,961
2026-06-05 05:25:00+00:00,6631.0,6631.0,6615.0,6615.0,961
2026-06-05 05:30:00+00:00,6626.5,6633.0,6623.5,6629.0,2198
2026-06-05 05:35:00+00:00,6625.0,6630.0,6623.0,6626.5,418
2026-06-05 05:40:00+00:00,6615.5,6624.5,6615.0,6623.0,959
2026-06-05 05:45:00+00:00,6606.0,6618.0,6601.5,6615.5,6837
2026-06-05 05:50:00+00:00,6605.5,6610.0,6601.0,6606.0,1968
2026-06-05 05:55:00+00:00,6608.0,6609.5,6601.5,6605.5,1471
2026-06-05 06:00:00+00:00,6607.5,6610.5,6604.5,6608.0,3055
2026-06-05 06:05:00+00:00,6607.0,6610.0,6604.0,6606.5,1446
2026-06-05 06:10:00+00:00,6612.5,6617.0,6606.5,6607.0,4159
2026-06-05 06:15:00+00:00,6604.5,6618.5,6603.0,6612.5,4215
2026-06-05 06:20:00+00:00,6602.5,6609.0,6602.0,6604.5,2086
2026-06-05 06:25:00+00:00,6595.0,6606.0,6594.5,6605.0,3427
2026-06-05 06:30:00+00:00,6600.5,6602.0,6594.5,6598.0,3802
2026-06-05 06:35:00+00:00,6598.0,6604.5,6598.0,6602.0,1012
2026-06-05 06:40:00+00:00,6599.5,6608.5,6595.0,6598.0,5873
2026-06-05 06:45:00+00:00,6600.5,6605.0,6596.5,6599.5,3487
2026-06-05 06:50:00+00:00,6603.5,6612.5,6600.5,6600.5,2092
2026-06-05 06:55:00+00:00,6599.0,6605.0,6598.0,6604.5,1616
2026-06-05 07:00:00+00:00,6598.5,6604.5,6596.5,6602.0,1869
2026-06-05 07:05:00+00:00,6595.0,6600.0,6591.5,6598.5,1596
2026-06-05 07:10:00+00:00,6588.5,6597.0,6587.5,6595.0,1912
2026-06-05 07:15:00+00:00,6588.5,6590.0,6585.0,6588.0,3985
2026-06-05 07:20:00+00:00,6590.5,6597.5,6588.0,6588.0,10149
2026-06-05 07:25:00+00:00,6591.0,6595.5,6585.0,6590.5,762
2026-06-05 07:30:00+00:00,6588.5,6597.5,6584.5,6592.5,2603
2026-06-05 07:35:00+00:00,6590.5,6596.0,6586.0,6590.0,2126
2026-06-05 07:40:00+00:00,6587.5,6591.5,6585.0,6588.5,1276
2026-06-05 07:45:00+00:00,6587.5,6591.5,6584.0,6587.5,1178
2026-06-05 07:50:00+00:00,6580.0,6590.5,6575.0,6587.5,906
2026-06-05 07:55:00+00:00,6588.0,6590.5,6575.5,6578.0,2053
2026-06-05 08:00:00+00:00,6584.5,6588.5,6581.5,6588.0,942
2026-06-05 08:05:00+00:00,6588.5,6588.5,6581.0,6584.5,1593
2026-06-05 08:10:00+00:00,6584.0,6589.5,6581.0,6589.5,1216
2026-06-05 08:15:00+00:00,6585.0,6589.0,6583.0,6584.0,438
2026-06-05 08:20:00+00:00,6585.0,6588.5,6583.0,6588.5,367
2026-06-05 08:25:00+00:00,6590.0,6590.0,6583.0,6584.0,506
2026-06-05 08:30:00+00:00,6588.5,6592.0,6585.0,6588.5,663
2026-06-05 08:35:00+00:00,6586.0,6593.5,6586.0,6588.5,992
2026-06-05 08:40:00+00:00,6588.0,6593.5,6584.5,6586.0,741
2026-06-05 08:45:00+00:00,6599.5,6601.0,6586.0,6588.0,2139
2026-06-05 08:50:00+00:00,6605.0,6609.5,6597.5,6599.5,4799
2026-06-05 08:55:00+00:00,6605.0,6608.0,6601.5,6602.0,2355
2026-06-05 09:00:00+00:00,6616.0,6619.5,6610.0,6610.0,2535
2026-06-05 09:05:00+00:00,6615.0,6620.0,6607.0,6619.0,4279
2026-06-05 09:10:00+00:00,6619.0,6623.5,6607.0,6613.5,5792
2026-06-05 09:15:00+00:00,6613.0,6624.0,6608.5,6621.5,3471
2026-06-05 09:20:00+00:00,6616.0,6619.0,6612.0,6612.0,2977
2026-06-05 09:25:00+00:00,6617.5,6620.5,6606.0,6611.0,3682
2026-06-05 09:30:00+00:00,6625.0,6625.0,6610.5,6623.5,5120
2026-06-05 09:35:00+00:00,6627.5,6627.5,6618.5,6622.5,4080
2026-06-05 09:40:00+00:00,6625.5,6628.5,6622.0,6627.5,3912
2026-06-05 09:45:00+00:00,6630.0,6632.0,6627.0,6627.0,4621
2026-06-05 09:50:00+00:00,6612.0,6630.0,6612.0,6630.0,7236
2026-06-05 09:55:00+00:00,6623.0,6625.0,6614.5,6614.5,5713
2026-06-08 03:45:00+00:00,6627.5,6636.0,6560.0,6594.5,0
2026-06-08 03:50:00+00:00,6649.0,6650.5,6624.0,6633.5,12092
2026-06-08 03:55:00+00:00,6671.5,6676.0,6627.0,6649.0,19279
2026-06-08 04:00:00+00:00,6674.5,6682.0,6663.0,6672.0,13060
2026-06-08 04:05:00+00:00,6656.0,6680.5,6647.5,6676.5,11593
2026-06-08 04:10:00+00:00,6667.5,6670.0,6654.5,6656.0,4081
2026-06-08 04:15:00+00:00,6665.5,6683.0,6657.0,6670.0,6322
2026-06-08 04:20:00+00:00,6707.0,6708.0,6665.0,6665.0,12629
2026-06-08 04:25:00+00:00,6695.0,6707.5,6675.0,6703.0,12488
2026-06-08 04:30:00+00:00,6671.0,6697.0,6671.0,6695.0,7816
2026-06-08 04:35:00+00:00,6660.0,6671.0,6657.5,6671.0,4286
2026-06-08 04:40:00+00:00,6672.0,6678.0,6659.0,6660.0,5671
2026-06-08 04:45:00+00:00,6671.5,6677.0,6668.5,6672.5,2337
2026-06-08 04:50:00+00:00,6666.0,6673.5,6661.5,6671.5,2466
2026-06-08 04:55:00+00:00,6660.5,6667.0,6652.0,6664.5,6854
2026-06-08 05:00:00+00:00,6634.5,6667.5,6634.5,6660.5,11427
2026-06-08 05:05:00+00:00,6640.0,6641.0,6634.0,6634.5,5479
2026-06-08 05:10:00+00:00,6626.5,6640.5,6626.5,6640.0,3469
2026-06-08 05:15:00+00:00,6628.5,6635.0,6622.0,6626.5,2879
2026-06-08 05:20:00+00:00,6606.5,6635.0,6604.5,6629.0,10079
2026-06-08 05:25:00+00:00,6599.0,6614.5,6597.0,6608.0,8415
2026-06-08 05:30:00+00:00,6605.5,6610.0,6598.5,6599.5,3806
2026-06-08 05:35:00+00:00,6609.0,6610.0,6602.5,6605.5,2464
2026-06-08 05:40:00+00:00,6605.5,6609.0,6602.0,6608.0,1802
2026-06-08 05:45:00+00:00,6613.0,6620.5,6607.5,6613.5,6072
2026-06-08 05:50:00+00:00,6608.0,6615.5,6608.0,6613.0,2550
2026-06-08 05:55:00+00:00,6605.0,6611.0,6603.5,6608.0,2277
2026-06-08 06:00:00+00:00,6605.0,6611.0,6602.5,6602.5,4147
2026-06-08 06:05:00+00:00,6617.5,6618.0,6605.0,6605.0,8210
2026-06-08 06:10:00+00:00,6619.0,6629.0,6615.0,6617.5,7244
2026-06-08 06:15:00+00:00,6618.0,6623.5,6617.5,6619.0,5062
2026-06-08 06:20:00+00:00,6607.0,6617.5,6605.0,6617.0,5741
2026-06-08 06:25:00+00:00,6602.5,6611.0,6602.0,6609.0,6620
2026-06-08 06:30:00+00:00,6602.0,6607.5,6601.5,6606.0,2101
2026-06-08 06:35:00+00:00,6604.0,6607.0,6598.0,6602.0,4332
2026-06-08 06:40:00+00:00,6594.0,6607.0,6593.5,6604.0,7935
2026-06-08 06:45:00+00:00,6595.0,6601.0,6591.0,6596.5,4249
2026-06-08 06:50:00+00:00,6595.5,6601.0,6593.0,6595.0,1808
2026-06-08 06:55:00+00:00,6596.0,6599.5,6593.0,6593.5,1623
2026-06-08 07:00:00+00:00,6596.0,6599.5,6594.0,6599.5,2053
2026-06-08 07:05:00+00:00,6596.5,6602.0,6594.5,6596.5,3858
2026-06-08 07:10:00+00:00,6600.0,6600.0,6593.0,6596.5,2251
2026-06-08 07:15:00+00:00,6597.0,6601.0,6595.5,6597.5,1888
2026-06-08 07:20:00+00:00,6590.5,6599.5,6586.0,6597.0,4044
2026-06-08 07:25:00+00:00,6593.0,6599.0,6587.0,6592.5,4559
2026-06-08 07:30:00+00:00,6588.0,6595.0,6586.0,6593.0,4965
2026-06-08 07:35:00+00:00,6592.5,6592.5,6585.5,6588.0,1522
2026-06-08 07:40:00+00:00,6585.0,6593.0,6585.0,6592.5,2269
2026-06-08 07:45:00+00:00,6584.0,6588.5,6581.0,6585.0,2762
2026-06-08 07:50:00+00:00,6579.0,6588.5,6576.5,6584.5,3453
2026-06-08 07:55:00+00:00,6570.0,6579.5,6568.0,6576.5,7769
2026-06-08 08:00:00+00:00,6566.0,6576.0,6566.0,6569.5,4891
2026-06-08 08:05:00+00:00,6567.5,6573.5,6566.0,6566.0,3169
2026-06-08 08:10:00+00:00,6561.5,6572.0,6561.5,6570.0,3038
2026-06-08 08:15:00+00:00,6561.0,6567.5,6556.0,6560.0,4051
2026-06-08 08:20:00+00:00,6548.0,6564.5,6547.5,6562.0,6588
2026-06-08 08:25:00+00:00,6554.5,6557.5,6547.5,6548.0,4902
2026-06-08 08:30:00+00:00,6546.0,6557.0,6546.0,6552.0,3774
2026-06-08 08:35:00+00:00,6556.5,6556.5,6546.0,6546.0,2495
2026-06-08 08:40:00+00:00,6555.0,6565.0,6555.0,6556.5,1979
2026-06-08 08:45:00+00:00,6553.5,6557.5,6552.0,6554.0,1081
2026-06-08 08:50:00+00:00,6553.0,6559.5,6552.0,6556.5,987
2026-06-08 08:55:00+00:00,6549.0,6556.5,6549.0,6552.5,2176
2026-06-08 09:00:00+00:00,6547.5,6551.5,6547.0,6549.0,1560
2026-06-08 09:05:00+00:00,6549.0,6555.0,6540.0,6546.5,9243
2026-06-08 09:10:00+00:00,6546.0,6550.0,6539.5,6549.0,3977
2026-06-08 09:15:00+00:00,6546.0,6550.0,6543.0,6546.5,6568
2026-06-08 09:20:00+00:00,6542.0,6548.5,6540.0,6545.5,5490
2026-06-08 09:25:00+00:00,6550.0,6550.0,6539.0,6544.0,8700
2026-06-08 09:30:00+00:00,6529.5,6542.0,6524.0,6542.0,8534
2026-06-08 09:35:00+00:00,6531.5,6533.0,6522.5,6527.5,8194
2026-06-08 09:40:00+00:00,6520.0,6532.5,6515.0,6531.5,16217
2026-06-08 09:45:00+00:00,6521.0,6521.5,6512.5,6519.0,12150
2026-06-08 09:50:00+00:00,6518.0,6522.5,6509.5,6519.0,16035
2026-06-08 09:55:00+00:00,6506.0,6534.0,6506.0,6506.0,16068
2026-06-09 03:45:00+00:00,6587.0,6596.0,6559.0,6565.0,0
2026-06-09 03:50:00+00:00,6591.0,6592.5,6571.5,6587.0,5741
2026-06-09 03:55:00+00:00,6580.0,6595.5,6571.0,6591.5,5454
2026-06-09 04:00:00+00:00,6616.0,6636.0,6579.5,6579.5,16087
2026-06-09 04:05:00+00:00,6712.0,6719.5,6613.0,6618.0,59683
2026-06-09 04:10:00+00:00,6710.0,6720.0,6665.0,6713.5,35057
2026-06-09 04:15:00+00:00,6773.0,6784.5,6709.0,6709.0,64039
2026-06-09 04:20:00+00:00,6751.0,6786.0,6748.0,6773.0,31800
2026-06-09 04:25:00+00:00,6736.5,6763.5,6732.5,6751.0,16751
2026-06-09 04:30:00+00:00,6737.0,6753.5,6736.5,6736.5,10630
2026-06-09 04:35:00+00:00,6747.5,6759.5,6731.5,6736.0,11085
2026-06-09 04:40:00+00:00,6742.5,6758.0,6740.5,6747.5,8960
2026-06-09 04:45:00+00:00,6750.0,6772.0,6742.0,6742.0,17105
2026-06-09 04:50:00+00:00,6737.5,6759.0,6735.0,6748.0,6395
2026-06-09 04:55:00+00:00,6735.5,6741.5,6726.5,6735.0,9462
2026-06-09 05:00:00+00:00,6729.5,6745.5,6728.0,6736.5,6388
2026-06-09 05:05:00+00:00,6718.0,6734.0,6713.0,6729.0,8940
2026-06-09 05:10:00+00:00,6722.0,6723.5,6706.5,6718.0,12217
2026-06-09 05:15:00+00:00,6737.5,6745.0,6722.0,6722.0,8830
2026-06-09 05:20:00+00:00,6738.0,6744.0,6729.0,6737.5,5871
2026-06-09 05:25:00+00:00,6720.0,6739.0,6719.5,6739.0,4321
2026-06-09 05:30:00+00:00,6737.0,6741.0,6720.0,6720.0,7328
2026-06-09 05:35:00+00:00,6734.5,6745.0,6728.0,6737.0,7011
2026-06-09 05:40:00+00:00,6727.0,6737.5,6727.0,6733.0,3147
2026-06-09 05:45:00+00:00,6729.0,6734.0,6722.5,6727.0,5174
2026-06-09 05:50:00+00:00,6726.5,6730.0,6721.0,6729.0,5028
2026-06-09 05:55:00+00:00,6739.0,6739.0,6725.5,6726.5,4158
2026-06-09 06:00:00+00:00,6733.5,6746.5,6732.5,6739.0,9983
2026-06-09 06:05:00+00:00,6724.0,6741.0,6720.0,6733.5,9065
2026-06-09 06:10:00+00:00,6695.5,6724.5,6684.5,6724.0,39223
2026-06-09 06:15:00+00:00,6697.5,6700.0,6693.0,6695.0,9741
2026-06-09 06:20:00+00:00,6737.5,6740.0,6691.5,6697.0,17131
2026-06-09 06:25:00+00:00,6729.0,6757.0,6725.0,6736.5,36666
2026-06-09 06:30:00+00:00,6725.0,6730.0,6725.0,6729.0,21188
2026-06-09 06:35:00+00:00,6737.0,6737.0,6717.5,6727.5,9022
2026-06-09 06:40:00+00:00,6749.0,6749.0,6729.0,6737.5,11232
2026-06-09 06:45:00+00:00,6749.5,6756.5,6742.0,6749.0,7708
2026-06-09 06:50:00+00:00,6741.0,6755.5,6737.5,6750.5,7612
2026-06-09 06:55:00+00:00,6740.0,6745.5,6735.0,6741.0,4781
2026-06-09 07:00:00+00:00,6742.0,6748.0,6738.0,6740.5,3018
2026-06-09 07:05:00+00:00,6725.0,6741.0,6725.0,6740.0,14229
2026-06-09 07:10:00+00:00,6727.5,6732.0,6725.0,6725.0,6660
2026-06-09 07:15:00+00:00,6725.5,6728.5,6725.0,6728.5,13660
2026-06-09 07:20:00+00:00,6729.5,6729.5,6725.0,6725.5,13757
2026-06-09 07:25:00+00:00,6723.5,6725.5,6719.0,6725.0,5901
2026-06-09 07:30:00+00:00,6728.5,6730.0,6722.0,6723.5,1952
2026-06-09 07:35:00+00:00,6727.5,6730.0,6725.0,6728.5,2091
2026-06-09 07:40:00+00:00,6727.5,6729.5,6725.0,6728.0,1857
2026-06-09 07:45:00+00:00,6725.0,6731.5,6725.0,6730.0,4017
2026-06-09 07:50:00+00:00,6727.0,6732.0,6725.0,6725.0,2636
2026-06-09 07:55:00+00:00,6730.5,6732.0,6725.0,6727.5,4453
2026-06-09 08:00:00+00:00,6738.5,6744.0,6729.0,6730.5,3700
2026-06-09 08:05:00+00:00,6738.5,6740.0,6735.5,6738.5,2416
2026-06-09 08:10:00+00:00,6738.0,6746.5,6732.0,6739.0,4531
2026-06-09 08:15:00+00:00,6736.0,6743.0,6734.0,6736.0,4235
2026-06-09 08:20:00+00:00,6737.5,6740.5,6732.0,6736.5,5157
2026-06-09 08:25:00+00:00,6738.5,6742.0,6725.0,6740.5,5615
2026-06-09 08:30:00+00:00,6742.0,6743.5,6737.0,6738.5,3739
2026-06-09 08:35:00+00:00,6750.0,6759.0,6742.0,6742.0,7070
2026-06-09 08:40:00+00:00,6749.5,6752.5,6744.0,6750.0,4524
2026-06-09 08:45:00+00:00,6749.0,6757.0,6747.5,6749.0,4732
2026-06-09 08:50:00+00:00,6750.0,6753.0,6747.5,6749.5,3218
2026-06-09 08:55:00+00:00,6753.0,6756.5,6749.5,6750.0,3829
2026-06-09 09:00:00+00:00,6753.5,6764.5,6753.0,6753.0,12267
2026-06-09 09:05:00+00:00,6759.0,6760.0,6749.0,6753.5,14396
2026-06-09 09:10:00+00:00,6754.0,6764.5,6754.0,6761.5,13594
2026-06-09 09:15:00+00:00,6749.0,6758.0,6749.0,6754.0,10192
2026-06-09 09:20:00+00:00,6757.5,6762.5,6748.5,6750.5,15626
2026-06-09 09:25:00+00:00,6750.0,6758.5,6745.0,6758.5,15503
2026-06-09 09:30:00+00:00,6747.0,6753.5,6742.0,6753.5,19855
2026-06-09 09:35:00+00:00,6746.0,6750.0,6736.0,6744.5,21170
2026-06-09 09:40:00+00:00,6749.0,6750.0,6742.0,6746.0,17029
2026-06-09 09:45:00+00:00,6764.0,6773.0,6744.0,6746.5,34872
2026-06-09 09:50:00+00:00,6760.0,6770.5,6755.0,6764.0,21557
2026-06-09 09:55:00+00:00,6759.0,6774.0,6755.0,6756.5,8470
2026-06-10 03:45:00+00:00,6780.0,6804.5,6763.0,6776.5,0
2026-06-10 03:50:00+00:00,6767.0,6784.0,6764.0,6784.0,6035
2026-06-10 03:55:00+00:00,6754.0,6769.5,6743.0,6765.0,6762
2026-06-10 04:00:00+00:00,6758.0,6762.0,6752.0,6752.5,4421
2026-06-10 04:05:00+00:00,6761.0,6764.5,6752.5,6758.0,11357
2026-06-10 04:10:00+00:00,6776.5,6778.5,6762.0,6762.5,3574
2026-06-10 04:15:00+00:00,6771.0,6782.0,6768.5,6775.0,5312
2026-06-10 04:20:00+00:00,6756.5,6771.5,6750.0,6771.5,8125
2026-06-10 04:25:00+00:00,6756.0,6765.0,6752.0,6755.5,7123
2026-06-10 04:30:00+00:00,6763.0,6768.5,6753.0,6756.0,9581
2026-06-10 04:35:00+00:00,6772.0,6779.0,6763.0,6763.0,8035
2026-06-10 04:40:00+00:00,6766.5,6777.5,6763.0,6771.0,5321
2026-06-10 04:45:00+00:00,6763.5,6771.0,6759.0,6765.5,8377
2026-06-10 04:50:00+00:00,6774.0,6774.0,6760.5,6763.5,5051
2026-06-10 04:55:00+00:00,6786.5,6799.0,6774.5,6774.5,10182
2026-06-10 05:00:00+00:00,6794.0,6794.0,6776.0,6786.0,4040
2026-06-10 05:05:00+00:00,6783.5,6796.5,6783.0,6794.0,5547
2026-06-10 05:10:00+00:00,6791.5,6794.5,6778.5,6783.5,7477
2026-06-10 05:15:00+00:00,6789.5,6791.0,6781.0,6791.0,3147
2026-06-10 05:20:00+00:00,6787.5,6803.5,6787.5,6790.5,6229
2026-06-10 05:25:00+00:00,6787.5,6793.0,6783.0,6787.0,2192
2026-06-10 05:30:00+00:00,6779.5,6789.0,6778.0,6787.5,2701
2026-06-10 05:35:00+00:00,6805.0,6805.0,6778.0,6778.0,5358
2026-06-10 05:40:00+00:00,6802.0,6808.0,6794.5,6803.0,11105
2026-06-10 05:45:00+00:00,6800.0,6805.0,6798.0,6801.5,7777
2026-06-10 05:50:00+00:00,6805.5,6805.5,6800.0,6800.5,4712
2026-06-10 05:55:00+00:00,6800.5,6808.0,6800.0,6805.5,2257
2026-06-10 06:00:00+00:00,6802.5,6808.5,6800.0,6800.5,4330
2026-06-10 06:05:00+00:00,6800.5,6808.5,6800.0,6802.5,6396
2026-06-10 06:10:00+00:00,6800.0,6800.5,6787.0,6800.5,13183
2026-06-10 06:15:00+00:00,6795.0,6802.0,6785.5,6800.0,8022
2026-06-10 06:20:00+00:00,6795.5,6797.5,6790.0,6797.5,1395
2026-06-10 06:25:00+00:00,6790.0,6796.0,6790.0,6795.5,1448
2026-06-10 06:30:00+00:00,6764.0,6790.0,6763.0,6790.0,5707
2026-06-10 06:35:00+00:00,6765.0,6773.0,6764.0,6765.5,1261
2026-06-10 06:40:00+00:00,6767.0,6774.5,6759.0,6765.0,3368
2026-06-10 06:45:00+00:00,6768.0,6771.5,6763.5,6769.0,1807
2026-06-10 06:50:00+00:00,6762.5,6768.5,6761.5,6768.0,1695
2026-06-10 06:55:00+00:00,6763.5,6770.5,6761.5,6762.5,2064
2026-06-10 07:00:00+00:00,6770.0,6770.0,6761.5,6764.5,2066
2026-06-10 07:05:00+00:00,6762.0,6770.0,6761.5,6770.0,2771
2026-06-10 07:10:00+00:00,6754.5,6762.5,6750.5,6762.0,2054
2026-06-10 07:15:00+00:00,6751.0,6756.0,6749.0,6754.5,2214
2026-06-10 07:20:00+00:00,6753.5,6755.0,6750.0,6752.0,2451
2026-06-10 07:25:00+00:00,6755.5,6757.0,6749.0,6753.5,1604
2026-06-10 07:30:00+00:00,6754.0,6760.5,6754.0,6755.5,1140
2026-06-10 07:35:00+00:00,6749.5,6755.5,6746.0,6753.5,2034
2026-06-10 07:40:00+00:00,6740.0,6750.0,6735.0,6749.5,3767
2026-06-10 07:45:00+00:00,6735.0,6743.5,6733.5,6740.5,896
2026-06-10 07:50:00+00:00,6719.0,6736.5,6718.5,6735.0,3982
2026-06-10 07:55:00+00:00,6726.5,6730.0,6714.0,6719.0,10440
2026-06-10 08:00:00+00:00,6750.0,6750.0,6727.5,6729.0,8228
2026-06-10 08:05:00+00:00,6735.0,6740.0,6731.5,6740.0,1133
2026-06-10 08:10:00+00:00,6734.5,6740.0,6733.0,6733.0,2458
2026-06-10 08:15:00+00:00,6733.0,6735.0,6731.5,6735.0,1047
2026-06-10 08:20:00+00:00,6727.0,6734.0,6726.0,6733.5,1009
2026-06-10 08:25:00+00:00,6727.5,6729.5,6722.0,6727.0,1363
2026-06-10 08:30:00+00:00,6728.5,6730.0,6722.5,6725.5,1736
2026-06-10 08:35:00+00:00,6723.5,6731.0,6723.5,6727.5,1203
2026-06-10 08:40:00+00:00,6719.5,6727.5,6719.0,6725.0,1350
2026-06-10 08:45:00+00:00,6717.5,6720.0,6716.0,6719.0,2154
2026-06-10 08:50:00+00:00,6717.5,6721.0,6716.5,6717.0,13469
2026-06-10 08:55:00+00:00,6717.0,6719.5,6712.5,6716.5,2844
2026-06-10 09:00:00+00:00,6710.0,6719.0,6706.0,6717.0,8394
2026-06-10 09:05:00+00:00,6705.0,6725.0,6704.5,6710.0,10340
2026-06-10 09:10:00+00:00,6686.0,6705.0,6680.5,6705.0,13704
2026-06-10 09:15:00+00:00,6668.5,6685.5,6668.5,6685.5,4521
2026-06-10 09:20:00+00:00,6661.5,6670.0,6657.5,6669.0,4633
2026-06-10 09:25:00+00:00,6667.0,6673.0,6660.5,6665.0,5795
2026-06-10 09:30:00+00:00,6663.5,6670.0,6662.5,6664.5,6040
2026-06-10 09:35:00+00:00,6649.0,6663.5,6648.0,6663.0,7612
2026-06-10 09:40:00+00:00,6633.0,6649.5,6633.0,6649.5,5183
2026-06-10 09:45:00+00:00,6641.0,6641.5,6616.5,6632.0,24992
2026-06-10 09:50:00+00:00,6640.0,6641.5,6630.5,6640.5,7739
2026-06-10 09:55:00+00:00,6638.5,6665.0,6638.5,6640.0,6751
2026-06-11 03:45:00+00:00,6680.0,6686.5,6634.5,6634.5,0
2026-06-11 03:50:00+00:00,6688.0,6712.0,6688.0,6690.0,5413
2026-06-11 03:55:00+00:00,6696.0,6696.0,6673.0,6679.5,4836
2026-06-11 04:00:00+00:00,6678.0,6695.5,6668.5,6693.5,2865
2026-06-11 04:05:00+00:00,6681.0,6681.0,6669.0,6672.5,1311
2026-06-11 04:10:00+00:00,6690.0,6690.0,6678.0,6684.5,980
2026-06-11 04:15:00+00:00,6686.0,6696.0,6684.5,6690.0,1718
2026-06-11 04:20:00+00:00,6679.0,6687.0,6675.0,6686.5,1288
2026-06-11 04:25:00+00:00,6677.0,6683.5,6668.5,6678.5,2132
2026-06-11 04:30:00+00:00,6673.0,6680.0,6673.0,6677.0,390
2026-06-11 04:35:00+00:00,6687.5,6690.0,6671.0,6671.0,1178
2026-06-11 04:40:00+00:00,6687.5,6694.5,6687.5,6687.5,746
2026-06-11 04:45:00+00:00,6693.5,6694.5,6687.5,6687.5,330
2026-06-11 04:50:00+00:00,6702.0,6704.0,6687.5,6693.0,2674
2026-06-11 04:55:00+00:00,6704.5,6709.5,6701.0,6706.0,1280
2026-06-11 05:00:00+00:00,6698.5,6705.0,6698.5,6704.0,617
2026-06-11 05:05:00+00:00,6700.0,6702.5,6691.0,6693.5,648
2026-06-11 05:10:00+00:00,6703.5,6704.0,6696.0,6699.5,845
2026-06-11 05:15:00+00:00,6704.5,6708.0,6700.0,6703.5,1381
2026-06-11 05:20:00+00:00,6696.0,6704.0,6691.5,6701.0,970
2026-06-11 05:25:00+00:00,6697.5,6702.0,6694.5,6696.0,1043
2026-06-11 05:30:00+00:00,6710.0,6717.0,6697.5,6697.5,4342
2026-06-11 05:35:00+00:00,6705.0,6720.0,6702.0,6711.0,6831
2026-06-11 05:40:00+00:00,6703.0,6705.0,6697.5,6703.0,1389
2026-06-11 05:45:00+00:00,6710.0,6710.0,6696.0,6702.5,2544
2026-06-11 05:50:00+00:00,6708.0,6712.0,6705.0,6711.5,1152
2026-06-11 05:55:00+00:00,6704.5,6708.5,6693.0,6708.0,17514
2026-06-11 06:00:00+00:00,6701.5,6706.5,6697.5,6705.0,865
2026-06-11 06:05:00+00:00,6702.5,6707.0,6700.0,6701.5,585
2026-06-11 06:10:00+00:00,6714.5,6720.0,6704.5,6704.5,1492
2026-06-11 06:15:00+00:00,6714.5,6720.0,6711.0,6715.0,2603
2026-06-11 06:20:00+00:00,6703.0,6716.0,6700.5,6716.0,4716
2026-06-11 06:25:00+00:00,6701.5,6708.0,6700.0,6704.0,1400
2026-06-11 06:30:00+00:00,6710.0,6712.0,6702.0,6705.0,902
2026-06-11 06:35:00+00:00,6707.5,6712.5,6705.5,6710.5,675
2026-06-11 06:40:00+00:00,6704.5,6709.0,6700.0,6707.0,1371
2026-06-11 06:45:00+00:00,6703.5,6710.0,6703.5,6704.5,678
2026-06-11 06:50:00+00:00,6708.0,6709.0,6701.5,6706.0,553
2026-06-11 06:55:00+00:00,6711.5,6714.0,6704.0,6704.0,1363
2026-06-11 07:00:00+00:00,6706.0,6711.0,6702.5,6708.5,1073
2026-06-11 07:05:00+00:00,6705.5,6715.5,6696.5,6710.5,9221
2026-06-11 07:10:00+00:00,6708.0,6708.0,6702.0,6705.5,1290
2026-06-11 07:15:00+00:00,6696.0,6710.0,6696.0,6706.0,1933
2026-06-11 07:20:00+00:00,6703.5,6704.5,6697.0,6700.0,1439
2026-06-11 07:25:00+00:00,6707.0,6708.0,6701.5,6703.5,838
2026-06-11 07:30:00+00:00,6710.5,6715.5,6704.5,6709.0,2289
2026-06-11 07:35:00+00:00,6705.5,6712.0,6705.5,6710.5,997
2026-06-11 07:40:00+00:00,6704.0,6709.5,6701.0,6706.0,1163
2026-06-11 07:45:00+00:00,6705.0,6707.0,6700.0,6704.5,977
2026-06-11 07:50:00+00:00,6698.5,6706.0,6698.0,6705.0,974
2026-06-11 07:55:00+00:00,6676.5,6701.0,6663.0,6701.0,27058
2026-06-11 08:00:00+00:00,6680.0,6685.5,6676.0,6678.5,1710
2026-06-11 08:05:00+00:00,6670.5,6684.0,6668.0,6680.5,3417
2026-06-11 08:10:00+00:00,6663.5,6675.0,6654.5,6671.0,2925
2026-06-11 08:15:00+00:00,6666.5,6669.0,6658.5,6663.5,2046
2026-06-11 08:20:00+00:00,6675.0,6675.0,6665.5,6666.0,1370
2026-06-11 08:25:00+00:00,6668.5,6674.5,6664.0,6673.5,1865
2026-06-11 08:30:00+00:00,6669.5,6672.0,6663.5,6667.5,1955
2026-06-11 08:35:00+00:00,6662.0,6670.5,6661.0,6670.0,1140
2026-06-11 08:40:00+00:00,6665.0,6669.0,6661.0,6661.5,1359
2026-06-11 08:45:00+00:00,6659.0,6668.5,6655.5,6665.0,1862
2026-06-11 08:50:00+00:00,6657.0,6660.0,6655.0,6660.0,1405
2026-06-11 08:55:00+00:00,6669.5,6669.5,6658.0,6659.0,4087
2026-06-11 09:00:00+00:00,6668.5,6672.5,6665.0,6667.5,1854
2026-06-11 09:05:00+00:00,6659.5,6669.0,6657.0,6668.0,1163
2026-06-11 09:10:00+00:00,6657.0,6660.0,6656.0,6660.0,3764
2026-06-11 09:15:00+00:00,6658.0,6658.5,6646.0,6657.0,2237
2026-06-11 09:20:00+00:00,6658.0,6658.5,6653.0,6658.0,1466
2026-06-11 09:25:00+00:00,6657.0,6659.5,6651.0,6658.5,1281
2026-06-11 09:30:00+00:00,6641.5,6663.5,6638.5,6663.5,12371
2026-06-11 09:35:00+00:00,6648.5,6652.0,6638.5,6638.5,9381
2026-06-11 09:40:00+00:00,6650.5,6650.5,6643.5,6648.5,4150
2026-06-11 09:45:00+00:00,6658.0,6664.0,6643.5,6650.0,8154
2026-06-11 09:50:00+00:00,6668.5,6670.0,6653.0,6658.5,9375
2026-06-11 09:55:00+00:00,6655.5,6676.0,6655.5,6668.5,8762
2026-06-12 03:45:00+00:00,6703.5,6731.0,6703.5,6706.0,0
2026-06-12 03:50:00+00:00,6694.0,6707.0,6690.5,6704.5,1908
2026-06-12 03:55:00+00:00,6690.0,6700.0,6685.0,6686.0,1295
2026-06-12 04:00:00+00:00,6694.0,6697.5,6685.5,6691.5,1629
2026-06-12 04:05:00+00:00,6675.0,6694.5,6675.0,6694.0,2499
2026-06-12 04:10:00+00:00,6669.5,6683.5,6669.5,6675.0,806
2026-06-12 04:15:00+00:00,6679.5,6679.5,6667.0,6670.0,396
2026-06-12 04:20:00+00:00,6665.0,6678.0,6665.0,6676.0,1666
2026-06-12 04:25:00+00:00,6665.5,6669.5,6661.5,6666.0,497
2026-06-12 04:30:00+00:00,6639.0,6664.5,6632.5,6664.5,2188
2026-06-12 04:35:00+00:00,6630.0,6640.5,6630.0,6640.0,2624
2026-06-12 04:40:00+00:00,6642.5,6644.0,6628.0,6630.0,2685
2026-06-12 04:45:00+00:00,6675.5,6675.5,6647.0,6648.0,2381
2026-06-12 04:50:00+00:00,6677.0,6685.0,6672.5,6673.0,1745
2026-06-12 04:55:00+00:00,6678.0,6679.5,6673.0,6679.0,947
2026-06-12 05:00:00+00:00,6685.0,6687.0,6676.5,6676.5,849
2026-06-12 05:05:00+00:00,6682.0,6684.5,6680.5,6684.0,583
2026-06-12 05:10:00+00:00,6665.5,6684.0,6663.0,6683.5,778
2026-06-12 05:15:00+00:00,6664.0,6669.5,6660.0,6665.5,1288
2026-06-12 05:20:00+00:00,6663.5,6668.0,6661.0,6665.0,767
2026-06-12 05:25:00+00:00,6663.5,6668.0,6661.5,6664.0,596
2026-06-12 05:30:00+00:00,6660.0,6666.0,6659.5,6662.5,660
2026-06-12 05:35:00+00:00,6660.0,6666.5,6660.0,6663.5,1024
2026-06-12 05:40:00+00:00,6660.0,6665.0,6652.5,6663.0,1281
2026-06-12 05:45:00+00:00,6673.5,6673.5,6661.0,6661.0,605
2026-06-12 05:50:00+00:00,6678.0,6681.0,6670.5,6674.0,908
2026-06-12 05:55:00+00:00,6679.5,6684.0,6678.5,6679.0,607
2026-06-12 06:00:00+00:00,6677.0,6683.5,6677.0,6683.0,337
2026-06-12 06:05:00+00:00,6676.0,6681.5,6675.0,6678.0,54
2026-06-12 06:10:00+00:00,6676.0,6680.0,6674.5,6676.0,86
2026-06-12 06:15:00+00:00,6675.5,6678.5,6673.5,6676.5,227
2026-06-12 06:20:00+00:00,6676.5,6679.5,6673.5,6675.5,1859
2026-06-12 06:25:00+00:00,6680.0,6683.5,6677.0,6677.0,539
2026-06-12 06:30:00+00:00,6678.5,6682.5,6677.5,6680.5,169
2026-06-12 06:35:00+00:00,6674.5,6682.0,6674.0,6680.0,181
2026-06-12 06:40:00+00:00,6669.0,6674.5,6668.0,6672.0,349
2026-06-12 06:45:00+00:00,6667.5,6672.0,6667.5,6668.5,90
2026-06-12 06:50:00+00:00,6651.0,6667.5,6650.0,6666.5,2206
2026-06-12 06:55:00+00:00,6650.5,6655.0,6646.0,6651.5,3875
2026-06-12 07:00:00+00:00,6637.0,6650.5,6637.0,6650.0,2588
2026-06-12 07:05:00+00:00,6638.0,6642.0,6636.0,6636.0,470
2026-06-12 07:10:00+00:00,6633.0,6640.5,6633.0,6640.5,201
2026-06-12 07:15:00+00:00,6633.0,6634.5,6630.0,6633.0,1151
2026-06-12 07:20:00+00:00,6630.5,6633.0,6630.0,6630.5,193
2026-06-12 07:25:00+00:00,6635.5,6636.0,6630.0,6630.0,725
2026-06-12 07:30:00+00:00,6635.5,6638.0,6632.0,6633.0,814
2026-06-12 07:35:00+00:00,6640.0,6644.0,6634.5,6635.5,78
2026-06-12 07:40:00+00:00,6643.0,6651.0,6639.0,6640.0,1115
2026-06-12 07:45:00+00:00,6640.0,6644.0,6636.5,6638.5,228
2026-06-12 07:50:00+00:00,6633.5,6642.5,6633.0,6639.5,250
2026-06-12 07:55:00+00:00,6647.0,6648.0,6630.0,6633.0,2793
2026-06-12 08:00:00+00:00,6652.5,6654.0,6646.0,6648.5,1282
2026-06-12 08:05:00+00:00,6651.5,6655.0,6645.5,6650.0,1032
2026-06-12 08:10:00+00:00,6652.0,6657.5,6650.0,6656.0,1926
2026-06-12 08:15:00+00:00,6657.0,6660.0,6650.0,6651.5,3871
2026-06-12 08:20:00+00:00,6660.0,6664.5,6650.5,6655.0,1205
2026-06-12 08:25:00+00:00,6660.0,6661.5,6655.0,6661.0,2275
2026-06-12 08:30:00+00:00,6664.0,6667.0,6659.0,6660.0,1841
2026-06-12 08:35:00+00:00,6652.5,6665.5,6652.5,6660.5,4095
2026-06-12 08:40:00+00:00,6652.0,6660.0,6647.5,6654.5,5446
2026-06-12 08:45:00+00:00,6661.5,6663.5,6652.0,6655.0,2024
2026-06-12 08:50:00+00:00,6662.0,6663.0,6660.0,6660.5,811
2026-06-12 08:55:00+00:00,6640.0,6662.5,6640.0,6660.5,7903
2026-06-12 09:00:00+00:00,6641.0,6647.5,6634.0,6644.0,5990
2026-06-12 09:05:00+00:00,6642.5,6645.5,6636.5,6640.0,5083
2026-06-12 09:10:00+00:00,6659.0,6659.0,6643.0,6643.0,2008
2026-06-12 09:15:00+00:00,6653.0,6660.0,6651.0,6656.0,1626
2026-06-12 09:20:00+00:00,6644.5,6658.0,6640.5,6653.5,2473
2026-06-12 09:25:00+00:00,6632.5,6652.5,6632.0,6644.5,7541
2026-06-12 09:30:00+00:00,6648.0,6651.5,6624.0,6631.0,15226
2026-06-12 09:35:00+00:00,6642.0,6656.0,6642.0,6648.0,3773
2026-06-12 09:40:00+00:00,6633.5,6638.5,6630.5,6635.5,7608
2026-06-12 09:45:00+00:00,6638.5,6646.5,6632.0,6635.0,4488
2026-06-12 09:50:00+00:00,6642.5,6642.5,6632.5,6637.5,5348
2026-06-12 09:55:00+00:00,6633.0,6641.0,6632.5,6637.5,5095
2026-06-15 03:45:00+00:00,6620.0,6676.0,6613.0,6676.0,0
2026-06-15 03:50:00+00:00,6616.0,6630.0,6611.0,6619.5,2757
2026-06-15 03:55:00+00:00,6638.0,6646.0,6613.5,6615.0,4055
2026-06-15 04:00:00+00:00,6627.0,6639.0,6625.0,6639.0,2505
2026-06-15 04:05:00+00:00,6621.5,6628.0,6618.5,6625.0,2253
2026-06-15 04:10:00+00:00,6624.5,6625.0,6618.5,6622.0,817
2026-06-15 04:15:00+00:00,6631.0,6631.5,6623.0,6623.0,843
2026-06-15 04:20:00+00:00,6625.0,6638.0,6625.0,6628.0,2243
2026-06-15 04:25:00+00:00,6630.0,6630.5,6625.0,6625.0,317
2026-06-15 04:30:00+00:00,6621.5,6627.0,6617.5,6625.0,1345
2026-06-15 04:35:00+00:00,6618.0,6623.5,6618.0,6621.5,614
2026-06-15 04:40:00+00:00,6623.5,6628.5,6619.0,6622.0,830
2026-06-15 04:45:00+00:00,6622.0,6627.0,6619.5,6624.0,1210
2026-06-15 04:50:00+00:00,6640.0,6641.5,6621.0,6623.0,2748
2026-06-15 04:55:00+00:00,6650.0,6658.0,6640.5,6640.5,4500
2026-06-15 05:00:00+00:00,6651.5,6653.5,6647.5,6649.0,867
2026-06-15 05:05:00+00:00,6651.5,6655.0,6648.5,6653.0,1024
2026-06-15 05:10:00+00:00,6646.5,6655.0,6646.5,6651.0,435
2026-06-15 05:15:00+00:00,6652.0,6653.0,6646.5,6646.5,986
2026-06-15 05:20:00+00:00,6650.0,6657.0,6650.0,6650.0,925
2026-06-15 05:25:00+00:00,6658.0,6659.0,6650.0,6650.0,987
2026-06-15 05:30:00+00:00,6657.0,6660.0,6653.0,6657.5,978
2026-06-15 05:35:00+00:00,6654.0,6659.5,6654.0,6658.5,578
2026-06-15 05:40:00+00:00,6645.0,6656.0,6645.0,6656.0,1228
2026-06-15 05:45:00+00:00,6646.5,6650.5,6641.0,6646.0,1628
2026-06-15 05:50:00+00:00,6647.5,6652.5,6646.5,6648.0,336
2026-06-15 05:55:00+00:00,6657.0,6657.0,6648.0,6649.0,1134
2026-06-15 06:00:00+00:00,6656.0,6658.5,6654.0,6657.0,770
2026-06-15 06:05:00+00:00,6660.0,6663.0,6655.0,6656.0,1239
2026-06-15 06:10:00+00:00,6667.0,6667.0,6660.0,6660.5,2074
2026-06-15 06:15:00+00:00,6662.0,6667.0,6661.0,6665.0,622
2026-06-15 06:20:00+00:00,6660.5,6664.0,6660.0,6661.0,734
2026-06-15 06:25:00+00:00,6656.5,6663.0,6646.0,6663.0,1865
2026-06-15 06:30:00+00:00,6658.5,6660.0,6653.5,6656.5,401
2026-06-15 06:35:00+00:00,6647.0,6660.5,6646.0,6658.5,3914
2026-06-15 06:40:00+00:00,6645.5,6648.0,6636.5,6647.0,2072
2026-06-15 06:45:00+00:00,6629.0,6646.5,6625.5,6645.5,6358
2026-06-15 06:50:00+00:00,6632.5,6633.5,6622.5,6629.5,2677
2026-06-15 06:55:00+00:00,6638.0,6641.5,6632.0,6632.5,1498
2026-06-15 07:00:00+00:00,6639.5,6642.5,6633.0,6639.0,3913
2026-06-15 07:05:00+00:00,6637.5,6640.5,6634.0,6638.0,1689
2026-06-15 07:10:00+00:00,6624.5,6635.0,6620.0,6634.0,7318
2026-06-15 07:15:00+00:00,6624.0,6625.0,6621.0,6624.5,1344
2026-06-15 07:20:00+00:00,6618.0,6620.0,6616.0,6617.0,1977
2026-06-15 07:25:00+00:00,6615.5,6619.5,6615.0,6619.0,1001
2026-06-15 07:30:00+00:00,6619.0,6620.0,6615.0,6616.5,1121
2026-06-15 07:35:00+00:00,6619.0,6620.0,6616.5,6619.5,831
2026-06-15 07:40:00+00:00,6621.5,6626.0,6618.0,6618.5,7057
2026-06-15 07:45:00+00:00,6621.0,6625.0,6621.0,6621.0,838
2026-06-15 07:50:00+00:00,6619.0,6623.5,6615.0,6621.0,1714
2026-06-15 07:55:00+00:00,6619.5,6620.0,6615.0,6619.0,1855
2026-06-15 08:00:00+00:00,6618.5,6624.5,6616.0,6616.5,1897
2026-06-15 08:05:00+00:00,6619.0,6620.0,6616.0,6618.5,1941
2026-06-15 08:10:00+00:00,6618.0,6620.0,6617.0,6619.5,1101
2026-06-15 08:15:00+00:00,6618.0,6620.0,6615.5,6617.5,935
2026-06-15 08:20:00+00:00,6619.5,6620.0,6615.5,6619.0,1847
2026-06-15 08:25:00+00:00,6621.5,6625.0,6618.0,6619.5,10812
2026-06-15 08:30:00+00:00,6632.0,6636.0,6621.5,6621.5,2759
2026-06-15 08:35:00+00:00,6631.5,6632.5,6628.0,6632.0,1092
2026-06-15 08:40:00+00:00,6616.0,6632.0,6615.5,6631.0,7250
2026-06-15 08:45:00+00:00,6616.0,6618.0,6612.0,6617.0,2022
2026-06-15 08:50:00+00:00,6623.5,6625.0,6616.0,6616.0,1073
2026-06-15 08:55:00+00:00,6620.0,6626.0,6615.0,6626.0,1492
2026-06-15 09:00:00+00:00,6617.0,6620.0,6616.0,6618.0,1755
2026-06-15 09:05:00+00:00,6616.0,6619.0,6614.5,6615.0,1502
2026-06-15 09:10:00+00:00,6616.0,6626.0,6615.0,6615.5,4238
2026-06-15 09:15:00+00:00,6619.0,6622.5,6615.0,6615.5,1321
2026-06-15 09:20:00+00:00,6621.5,6623.5,6615.0,6620.5,1336
2026-06-15 09:25:00+00:00,6617.5,6624.5,6615.5,6619.0,2182
2026-06-15 09:30:00+00:00,6610.5,6621.0,6603.0,6618.0,12242
2026-06-15 09:35:00+00:00,6604.0,6612.0,6600.5,6609.0,5670
2026-06-15 09:40:00+00:00,6600.0,6605.5,6592.5,6605.5,8266
2026-06-15 09:45:00+00:00,6616.0,6618.0,6601.5,6601.5,10426
2026-06-15 09:50:00+00:00,6615.5,6618.5,6613.0,6614.5,6361
2026-06-15 09:55:00+00:00,6615.0,6616.0,6608.0,6615.5,7267
2026-06-16 03:45:00+00:00,6642.5,6647.5,6620.5,6620.5,0
2026-06-16 03:50:00+00:00,6615.5,6635.0,6608.0,6635.0,3767
2026-06-16 03:55:00+00:00,6634.5,6634.5,6615.0,6615.0,4229
2026-06-16 04:00:00+00:00,6618.5,6635.0,6616.0,6635.0,2678
2026-06-16 04:05:00+00:00,6603.0,6617.5,6600.0,6617.5,3415
2026-06-16 04:10:00+00:00,6618.0,6620.0,6593.0,6601.5,4094
2026-06-16 04:15:00+00:00,6608.5,6620.0,6608.0,6616.5,2712
2026-06-16 04:20:00+00:00,6615.0,6620.0,6606.0,6608.5,2074
2026-06-16 04:25:00+00:00,6606.0,6615.5,6602.0,6613.0,1125
2026-06-16 04:30:00+00:00,6598.0,6609.0,6595.0,6606.0,2414
2026-06-16 04:35:00+00:00,6598.0,6599.5,6590.0,6595.0,2924
2026-06-16 04:40:00+00:00,6594.0,6597.0,6589.5,6596.5,2023
2026-06-16 04:45:00+00:00,6596.0,6596.0,6591.0,6593.5,1147
2026-06-16 04:50:00+00:00,6601.5,6604.5,6595.5,6596.0,2162
2026-06-16 04:55:00+00:00,6601.0,6604.5,6599.0,6602.0,1592
2026-06-16 05:00:00+00:00,6604.5,6608.0,6600.0,6600.0,1357
2026-06-16 05:05:00+00:00,6615.0,6617.0,6600.5,6604.5,1771
2026-06-16 05:10:00+00:00,6615.0,6616.0,6611.0,6615.0,1306
2026-06-16 05:15:00+00:00,6610.5,6612.5,6605.0,6612.0,1106
2026-06-16 05:20:00+00:00,6609.0,6613.5,6605.5,6612.5,1749
2026-06-16 05:25:00+00:00,6602.5,6609.5,6602.0,6608.5,1946
2026-06-16 05:30:00+00:00,6602.5,6604.5,6600.0,6602.0,236
2026-06-16 05:35:00+00:00,6593.0,6605.0,6593.0,6602.0,3572
2026-06-16 05:40:00+00:00,6578.5,6594.5,6575.5,6593.0,6278
2026-06-16 05:45:00+00:00,6578.5,6581.5,6572.5,6578.5,4155
2026-06-16 05:50:00+00:00,6580.0,6582.0,6576.5,6578.5,4211
2026-06-16 05:55:00+00:00,6581.0,6581.0,6575.5,6579.0,1174
2026-06-16 06:00:00+00:00,6602.0,6602.0,6581.0,6581.0,7421
2026-06-16 06:05:00+00:00,6609.0,6615.0,6601.5,6603.5,2938
2026-06-16 06:10:00+00:00,6617.5,6618.0,6610.5,6611.5,2693
2026-06-16 06:15:00+00:00,6624.0,6628.5,6617.5,6617.5,4430
2026-06-16 06:20:00+00:00,6658.5,6658.5,6620.5,6624.0,7788
2026-06-16 06:25:00+00:00,6657.0,6662.5,6650.0,6659.5,3955
2026-06-16 06:30:00+00:00,6659.5,6663.0,6654.0,6657.0,4687
2026-06-16 06:35:00+00:00,6665.0,6665.0,6656.5,6660.0,2712
2026-06-16 06:40:00+00:00,6665.0,6673.5,6661.5,6665.0,8714
2026-06-16 06:45:00+00:00,6671.0,6677.0,6667.0,6668.0,3391
2026-06-16 06:50:00+00:00,6686.0,6686.0,6674.0,6674.0,5280
2026-06-16 06:55:00+00:00,6668.0,6686.0,6663.0,6685.0,7545
2026-06-16 07:00:00+00:00,6670.0,6673.0,6663.5,6668.0,8316
2026-06-16 07:05:00+00:00,6670.5,6672.0,6664.0,6671.0,2571
2026-06-16 07:10:00+00:00,6672.0,6672.5,6664.0,6670.5,2534
2026-06-16 07:15:00+00:00,6662.0,6675.0,6645.0,6672.0,17204
2026-06-16 07:20:00+00:00,6656.0,6665.0,6654.0,6664.0,2061
2026-06-16 07:25:00+00:00,6649.0,6659.5,6644.5,6659.5,2973
2026-06-16 07:30:00+00:00,6649.0,6651.0,6641.5,6647.0,2290
2026-06-16 07:35:00+00:00,6652.5,6652.5,6640.0,6649.0,1908
2026-06-16 07:40:00+00:00,6651.0,6659.0,6648.5,6652.5,2451
2026-06-16 07:45:00+00:00,6665.0,6671.5,6647.5,6651.0,2598
2026-06-16 07:50:00+00:00,6671.0,6672.0,6663.5,6665.0,2106
2026-06-16 07:55:00+00:00,6665.0,6673.0,6664.0,6667.5,1979
2026-06-16 08:00:00+00:00,6664.5,6667.5,6663.0,6665.0,561
2026-06-16 08:05:00+00:00,6665.0,6667.0,6658.0,6664.0,829
2026-06-16 08:10:00+00:00,6685.0,6689.0,6658.5,6665.0,7816
2026-06-16 08:15:00+00:00,6691.5,6699.0,6682.5,6685.0,16947
2026-06-16 08:20:00+00:00,6693.5,6699.0,6687.0,6688.5,3329
2026-06-16 08:25:00+00:00,6708.5,6715.0,6694.0,6694.0,12816
2026-06-16 08:30:00+00:00,6716.5,6722.0,6703.0,6705.0,10680
2026-06-16 08:35:00+00:00,6724.0,6726.5,6714.0,6719.5,7669
2026-06-16 08:40:00+00:00,6722.5,6727.5,6715.0,6723.0,10658
2026-06-16 08:45:00+00:00,6729.0,6729.0,6719.0,6722.5,3174
2026-06-16 08:50:00+00:00,6727.0,6730.0,6722.0,6727.0,4739
2026-06-16 08:55:00+00:00,6730.0,6732.0,6723.0,6731.0,3075
2026-06-16 09:00:00+00:00,6718.0,6732.0,6716.5,6727.0,3305
2026-06-16 09:05:00+00:00,6706.0,6718.5,6703.5,6715.0,4786
2026-06-16 09:10:00+00:00,6697.0,6711.5,6695.5,6707.5,4292
2026-06-16 09:15:00+00:00,6697.5,6700.0,6695.0,6695.0,1516
2026-06-16 09:20:00+00:00,6698.0,6700.0,6693.5,6695.5,1437
2026-06-16 09:25:00+00:00,6700.0,6700.0,6697.5,6700.0,3441
2026-06-16 09:30:00+00:00,6701.5,6716.5,6693.5,6704.0,14760
2026-06-16 09:35:00+00:00,6708.0,6712.5,6702.0,6703.0,3920
2026-06-16 09:40:00+00:00,6714.0,6717.0,6706.0,6711.5,4475
2026-06-16 09:45:00+00:00,6714.5,6718.0,6707.5,6715.5,10325
2026-06-16 09:50:00+00:00,6724.0,6729.0,6713.0,6714.5,7087
2026-06-16 09:55:00+00:00,6712.5,6732.0,6712.5,6727.5,7796
2026-06-17 03:45:00+00:00,6746.0,6757.5,6734.5,6734.5,0
2026-06-17 03:50:00+00:00,6731.5,6749.5,6730.5,6740.5,3751
2026-06-17 03:55:00+00:00,6720.0,6734.0,6714.5,6732.0,5315
2026-06-17 04:00:00+00:00,6700.5,6718.0,6699.5,6716.0,3466
2026-06-17 04:05:00+00:00,6702.0,6705.5,6696.0,6699.5,2615
2026-06-17 04:10:00+00:00,6694.0,6708.0,6691.5,6702.5,4243
2026-06-17 04:15:00+00:00,6693.0,6695.0,6685.0,6695.0,2668
2026-06-17 04:20:00+00:00,6692.0,6694.5,6682.0,6692.5,4168
2026-06-17 04:25:00+00:00,6699.5,6700.0,6689.5,6691.5,2056
2026-06-17 04:30:00+00:00,6700.0,6713.0,6695.5,6698.5,3014
2026-06-17 04:35:00+00:00,6700.5,6703.5,6694.5,6700.0,1877
2026-06-17 04:40:00+00:00,6706.5,6706.5,6699.5,6700.0,1793
2026-06-17 04:45:00+00:00,6695.5,6704.0,6692.0,6704.0,3393
2026-06-17 04:50:00+00:00,6696.5,6700.0,6691.5,6697.0,2357
2026-06-17 04:55:00+00:00,6690.0,6700.0,6690.0,6697.0,2861
2026-06-17 05:00:00+00:00,6686.0,6690.5,6686.0,6689.0,3644
2026-06-17 05:05:00+00:00,6690.0,6691.5,6683.0,6690.0,17178
2026-06-17 05:10:00+00:00,6681.0,6690.0,6675.0,6690.0,9973
2026-06-17 05:15:00+00:00,6684.0,6685.5,6677.0,6680.0,11365
2026-06-17 05:20:00+00:00,6678.5,6688.5,6678.5,6685.0,1609
2026-06-17 05:25:00+00:00,6678.0,6687.0,6678.0,6682.5,1321
2026-06-17 05:30:00+00:00,6684.5,6684.5,6677.0,6678.0,1609
2026-06-17 05:35:00+00:00,6679.0,6684.5,6678.5,6684.5,2432
2026-06-17 05:40:00+00:00,6679.5,6679.5,6673.0,6676.5,1745
2026-06-17 05:45:00+00:00,6675.0,6680.5,6671.0,6679.5,2353
2026-06-17 05:50:00+00:00,6672.5,6678.0,6672.5,6678.0,1281
2026-06-17 05:55:00+00:00,6682.0,6683.0,6673.5,6676.0,1568
2026-06-17 06:00:00+00:00,6685.5,6689.5,6679.0,6682.0,2075
2026-06-17 06:05:00+00:00,6686.0,6690.0,6683.0,6688.0,2912
2026-06-17 06:10:00+00:00,6683.5,6688.5,6680.0,6688.5,1821
2026-06-17 06:15:00+00:00,6676.5,6683.5,6676.5,6683.5,3821
2026-06-17 06:20:00+00:00,6672.5,6677.5,6668.0,6677.0,3186
2026-06-17 06:25:00+00:00,6670.0,6675.0,6668.5,6673.5,12712
2026-06-17 06:30:00+00:00,6674.5,6676.0,6669.5,6670.0,10831
2026-06-17 06:35:00+00:00,6671.0,6675.0,6669.0,6675.0,1402
2026-06-17 06:40:00+00:00,6677.0,6677.0,6671.0,6671.0,2091
2026-06-17 06:45:00+00:00,6678.5,6680.0,6670.5,6676.0,6170
2026-06-17 06:50:00+00:00,6678.5,6682.0,6675.0,6677.5,7931
2026-06-17 06:55:00+00:00,6668.5,6682.0,6668.0,6678.0,4488
2026-06-17 07:00:00+00:00,6665.0,6668.0,6661.5,6668.0,3099
2026-06-17 07:05:00+00:00,6667.5,6674.0,6660.0,6664.5,2484
2026-06-17 07:10:00+00:00,6670.0,6675.0,6667.5,6668.5,1859
2026-06-17 07:15:00+00:00,6671.5,6677.0,6669.0,6671.5,3324
2026-06-17 07:20:00+00:00,6664.0,6675.0,6664.0,6675.0,1560
2026-06-17 07:25:00+00:00,6666.0,6670.0,6664.0,6664.0,1323
2026-06-17 07:30:00+00:00,6662.0,6668.0,6660.0,6668.0,1386
2026-06-17 07:35:00+00:00,6661.5,6667.5,6660.5,6664.0,1617
2026-06-17 07:40:00+00:00,6663.0,6666.5,6660.0,6664.5,1681
2026-06-17 07:45:00+00:00,6664.5,6667.5,6660.0,6663.0,1800
2026-06-17 07:50:00+00:00,6661.0,6666.0,6660.5,6664.0,1436
2026-06-17 07:55:00+00:00,6660.5,6665.0,6659.5,6664.0,1283
2026-06-17 08:00:00+00:00,6659.0,6664.5,6658.5,6663.5,1484
2026-06-17 08:05:00+00:00,6661.5,6665.5,6658.5,6663.0,1407
2026-06-17 08:10:00+00:00,6661.5,6666.5,6660.0,6664.5,1139
2026-06-17 08:15:00+00:00,6660.0,6664.0,6659.0,6661.0,1432
2026-06-17 08:20:00+00:00,6668.5,6668.5,6660.0,6664.0,1843
2026-06-17 08:25:00+00:00,6660.5,6668.5,6660.5,6666.0,1324
2026-06-17 08:30:00+00:00,6664.0,6670.0,6660.5,6664.0,1821
2026-06-17 08:35:00+00:00,6656.5,6665.5,6655.5,6665.5,1813
2026-06-17 08:40:00+00:00,6657.0,6662.0,6655.0,6657.5,1352
2026-06-17 08:45:00+00:00,6658.5,6660.0,6655.0,6657.0,1433
2026-06-17 08:50:00+00:00,6655.5,6659.0,6653.0,6659.0,1328
2026-06-17 08:55:00+00:00,6649.0,6655.5,6649.0,6654.0,3005
2026-06-17 09:00:00+00:00,6652.5,6656.0,6648.5,6649.5,1269
2026-06-17 09:05:00+00:00,6645.5,6653.0,6645.5,6652.5,1912
2026-06-17 09:10:00+00:00,6644.0,6649.5,6641.0,6645.5,2423
2026-06-17 09:15:00+00:00,6643.0,6647.5,6641.0,6647.5,1648
2026-06-17 09:20:00+00:00,6643.0,6648.0,6642.0,6643.0,2199
2026-06-17 09:25:00+00:00,6653.0,6654.5,6641.0,6643.0,2764
2026-06-17 09:30:00+00:00,6666.0,6669.5,6653.0,6653.0,6796
2026-06-17 09:35:00+00:00,6665.5,6671.0,6665.5,6666.5,4563
2026-06-17 09:40:00+00:00,6657.0,6669.5,6657.0,6668.5,5209
2026-06-17 09:45:00+00:00,6662.0,6664.0,6658.5,6658.5,6210
2026-06-17 09:50:00+00:00,6664.0,6664.0,6660.0,6663.0,5973
2026-06-17 09:55:00+00:00,6659.5,6666.0,6652.0,6664.0,6753
2026-06-18 03:45:00+00:00,6652.0,6661.0,6640.5,6661.0,0
2026-06-18 03:50:00+00:00,6664.0,6671.5,6651.5,6651.5,2808
2026-06-18 03:55:00+00:00,6667.0,6675.5,6660.5,6662.0,4980
2026-06-18 04:00:00+00:00,6661.0,6669.0,6656.0,6666.5,4220
2026-06-18 04:05:00+00:00,6654.0,6661.0,6651.5,6660.5,2879
2026-06-18 04:10:00+00:00,6660.0,6664.0,6651.0,6654.0,1788
2026-06-18 04:15:00+00:00,6648.0,6660.5,6644.5,6659.0,2365
2026-06-18 04:20:00+00:00,6652.0,6658.5,6649.0,6649.0,1643
2026-06-18 04:25:00+00:00,6651.5,6657.0,6650.0,6652.0,527
2026-06-18 04:30:00+00:00,6654.0,6659.5,6650.0,6655.0,774
2026-06-18 04:35:00+00:00,6653.5,6660.0,6653.0,6654.0,852
2026-06-18 04:40:00+00:00,6651.0,6661.5,6651.0,6656.0,2113
2026-06-18 04:45:00+00:00,6662.0,6662.0,6651.0,6651.0,1117
2026-06-18 04:50:00+00:00,6666.5,6675.0,6661.5,6662.0,6843
2026-06-18 04:55:00+00:00,6666.5,6670.0,6660.5,6665.0,5363
2026-06-18 05:00:00+00:00,6663.5,6666.0,6655.5,6666.0,2700
2026-06-18 05:05:00+00:00,6655.0,6666.5,6655.0,6663.5,1866
2026-06-18 05:10:00+00:00,6660.5,6665.0,6651.0,6654.5,2378
2026-06-18 05:15:00+00:00,6655.0,6665.0,6651.0,6662.5,3366
2026-06-18 05:20:00+00:00,6656.0,6662.5,6653.0,6655.5,2245
2026-06-18 05:25:00+00:00,6665.5,6665.5,6656.0,6656.0,3052
2026-06-18 05:30:00+00:00,6647.0,6665.5,6646.0,6665.5,12263
2026-06-18 05:35:00+00:00,6647.0,6653.0,6644.0,6644.5,19223
2026-06-18 05:40:00+00:00,6644.5,6649.5,6644.5,6648.5,2526
2026-06-18 05:45:00+00:00,6643.5,6649.5,6643.0,6644.5,1701
2026-06-18 05:50:00+00:00,6643.5,6644.5,6638.0,6643.5,3401
2026-06-18 05:55:00+00:00,6640.5,6643.5,6637.5,6639.5,1297
2026-06-18 06:00:00+00:00,6649.5,6650.0,6640.5,6641.0,2011
2026-06-18 06:05:00+00:00,6647.5,6650.0,6645.0,6649.5,1603
2026-06-18 06:10:00+00:00,6646.0,6648.0,6643.0,6647.5,788
2026-06-18 06:15:00+00:00,6647.0,6647.5,6638.0,6647.0,5317
2026-06-18 06:20:00+00:00,6643.0,6648.5,6639.5,6647.5,3944
2026-06-18 06:25:00+00:00,6640.5,6643.5,6637.0,6643.0,1403
2026-06-18 06:30:00+00:00,6646.5,6647.5,6640.5,6641.5,3004
2026-06-18 06:35:00+00:00,6646.5,6649.0,6643.5,6646.5,6263
2026-06-18 06:40:00+00:00,6644.5,6647.0,6641.5,6646.5,2115
2026-06-18 06:45:00+00:00,6643.5,6646.5,6642.5,6645.0,1031
2026-06-18 06:50:00+00:00,6644.5,6650.0,6642.5,6644.0,1036
2026-06-18 06:55:00+00:00,6648.5,6656.5,6644.0,6645.0,2094
2026-06-18 07:00:00+00:00,6656.0,6660.0,6650.0,6651.0,1627
2026-06-18 07:05:00+00:00,6649.0,6662.0,6648.5,6657.5,4236
2026-06-18 07:10:00+00:00,6648.0,6649.0,6645.5,6649.0,1621
2026-06-18 07:15:00+00:00,6649.0,6652.5,6646.0,6646.5,6399
2026-06-18 07:20:00+00:00,6647.5,6650.0,6646.0,6649.0,1833
2026-06-18 07:25:00+00:00,6647.5,6653.0,6645.0,6648.0,3472
2026-06-18 07:30:00+00:00,6647.5,6649.5,6645.0,6646.0,1322
2026-06-18 07:35:00+00:00,6642.5,6649.0,6642.0,6649.0,2645
2026-06-18 07:40:00+00:00,6645.5,6645.5,6642.0,6642.5,1173
2026-06-18 07:45:00+00:00,6649.5,6651.5,6641.0,6645.5,2780
2026-06-18 07:50:00+00:00,6650.0,6651.0,6646.5,6649.5,1065
2026-06-18 07:55:00+00:00,6650.0,6650.0,6644.5,6648.0,1969
2026-06-18 08:00:00+00:00,6648.5,6652.0,6648.0,6650.0,3943
2026-06-18 08:05:00+00:00,6648.5,6649.0,6645.0,6648.5,1902
2026-06-18 08:10:00+00:00,6644.0,6649.0,6644.0,6647.5,694
2026-06-18 08:15:00+00:00,6649.5,6650.5,6642.5,6645.5,1123
2026-06-18 08:20:00+00:00,6644.5,6648.0,6643.0,6645.5,763
2026-06-18 08:25:00+00:00,6647.5,6651.5,6643.5,6644.0,6329
2026-06-18 08:30:00+00:00,6668.5,6674.0,6647.5,6647.5,22940
2026-06-18 08:35:00+00:00,6663.5,6670.0,6656.0,6666.0,26811
2026-06-18 08:40:00+00:00,6688.5,6692.0,6659.5,6660.5,19785
2026-06-18 08:45:00+00:00,6730.5,6736.5,6691.0,6691.0,34488
2026-06-18 08:50:00+00:00,6730.0,6745.0,6722.0,6730.5,6083
2026-06-18 08:55:00+00:00,6746.5,6755.0,6730.0,6730.0,5607
2026-06-18 09:00:00+00:00,6758.0,6758.0,6729.0,6746.0,14417
2026-06-18 09:05:00+00:00,6743.5,6757.5,6737.5,6757.5,17735
2026-06-18 09:10:00+00:00,6748.0,6756.0,6742.0,6742.0,7447
2026-06-18 09:15:00+00:00,6742.0,6751.0,6739.0,6747.0,4397
2026-06-18 09:20:00+00:00,6756.0,6756.0,6737.0,6740.0,11762
2026-06-18 09:25:00+00:00,6763.5,6765.0,6752.0,6755.0,11378
2026-06-18 09:30:00+00:00,6764.5,6767.0,6761.5,6763.5,9899
2026-06-18 09:35:00+00:00,6762.0,6765.5,6760.0,6765.5,6903
2026-06-18 09:40:00+00:00,6760.0,6762.0,6758.0,6762.0,10252
2026-06-18 09:45:00+00:00,6773.0,6773.5,6757.0,6761.0,9043
2026-06-18 09:50:00+00:00,6778.0,6778.0,6771.5,6772.5,9142
2026-06-18 09:55:00+00:00,6768.0,6779.0,6765.0,6779.0,10733
2026-06-19 03:45:00+00:00,6767.5,6790.0,6756.5,6790.0,0
2026-06-19 03:50:00+00:00,6764.0,6773.0,6758.0,6764.0,5243
2026-06-19 03:55:00+00:00,6759.5,6768.0,6757.0,6760.0,2128
2026-06-19 04:00:00+00:00,6759.0,6763.5,6752.0,6761.0,4171
2026-06-19 04:05:00+00:00,6754.0,6761.0,6745.0,6761.0,3236
2026-06-19 04:10:00+00:00,6751.5,6758.0,6747.0,6755.0,1815
2026-06-19 04:15:00+00:00,6753.0,6755.5,6740.0,6751.5,3159
2026-06-19 04:20:00+00:00,6752.5,6756.5,6749.0,6751.0,1237
2026-06-19 04:25:00+00:00,6758.5,6762.5,6754.0,6756.0,1220
2026-06-19 04:30:00+00:00,6754.0,6759.0,6748.5,6759.0,1114
2026-06-19 04:35:00+00:00,6751.0,6758.0,6749.5,6753.5,1449
2026-06-19 04:40:00+00:00,6770.0,6771.5,6751.0,6751.0,2429
2026-06-19 04:45:00+00:00,6775.0,6785.0,6764.0,6766.5,9472
2026-06-19 04:50:00+00:00,6767.0,6776.5,6761.5,6775.0,4347
2026-06-19 04:55:00+00:00,6756.0,6766.0,6751.0,6766.0,3591
2026-06-19 05:00:00+00:00,6764.5,6765.5,6755.5,6757.5,1200
2026-06-19 05:05:00+00:00,6764.5,6767.0,6760.0,6761.0,781
2026-06-19 05:10:00+00:00,6765.0,6768.5,6762.5,6767.0,1839
2026-06-19 05:15:00+00:00,6771.5,6771.5,6763.0,6765.0,3105
2026-06-19 05:20:00+00:00,6762.5,6771.5,6762.5,6771.5,916
2026-06-19 05:25:00+00:00,6757.0,6766.0,6755.0,6765.0,1814
2026-06-19 05:30:00+00:00,6760.0,6760.0,6755.0,6755.0,1014
2026-06-19 05:35:00+00:00,6755.5,6760.0,6755.0,6756.0,605
2026-06-19 05:40:00+00:00,6753.5,6759.0,6752.5,6758.5,813
2026-06-19 05:45:00+00:00,6756.5,6757.5,6746.5,6755.0,4031
2026-06-19 05:50:00+00:00,6753.0,6757.0,6750.0,6757.0,921
2026-06-19 05:55:00+00:00,6751.5,6753.0,6748.0,6753.0,427
2026-06-19 06:00:00+00:00,6755.5,6759.5,6748.5,6750.5,923
2026-06-19 06:05:00+00:00,6757.5,6763.5,6755.0,6758.0,1665
2026-06-19 06:10:00+00:00,6750.0,6758.0,6749.5,6758.0,4459
2026-06-19 06:15:00+00:00,6750.0,6750.0,6748.5,6750.0,3846
2026-06-19 06:20:00+00:00,6750.0,6750.0,6749.0,6750.0,691
2026-06-19 06:25:00+00:00,6755.5,6755.5,6747.5,6750.0,4034
2026-06-19 06:30:00+00:00,6754.0,6758.0,6751.0,6755.5,1124
2026-06-19 06:35:00+00:00,6749.0,6754.5,6747.0,6754.5,566
2026-06-19 06:40:00+00:00,6739.5,6760.0,6739.5,6749.0,3573
2026-06-19 06:45:00+00:00,6741.0,6749.5,6741.0,6741.0,5586
2026-06-19 06:50:00+00:00,6743.0,6746.5,6740.0,6741.0,7467
2026-06-19 06:55:00+00:00,6741.0,6745.0,6741.0,6745.0,310
2026-06-19 07:00:00+00:00,6742.0,6744.5,6741.0,6743.5,551
2026-06-19 07:05:00+00:00,6748.5,6755.0,6744.5,6744.5,10354
2026-06-19 07:10:00+00:00,6750.0,6752.0,6740.5,6748.5,17081
2026-06-19 07:15:00+00:00,6751.5,6758.0,6748.0,6752.5,5235
2026-06-19 07:20:00+00:00,6750.0,6754.5,6745.0,6751.0,1350
2026-06-19 07:25:00+00:00,6747.5,6750.0,6745.0,6748.0,574
2026-06-19 07:30:00+00:00,6745.0,6747.5,6744.5,6747.5,1068
2026-06-19 07:35:00+00:00,6742.5,6747.0,6741.0,6745.5,1097
2026-06-19 07:40:00+00:00,6749.0,6749.0,6741.5,6743.0,988
2026-06-19 07:45:00+00:00,6749.5,6753.0,6747.0,6749.0,2498
2026-06-19 07:50:00+00:00,6754.5,6756.5,6747.0,6749.5,5973
2026-06-19 07:55:00+00:00,6752.5,6757.5,6751.5,6754.5,1065
2026-06-19 08:00:00+00:00,6761.5,6769.0,6752.5,6752.5,15630
2026-06-19 08:05:00+00:00,6750.0,6761.0,6747.5,6761.0,2498
2026-06-19 08:10:00+00:00,6748.5,6750.0,6747.5,6750.0,501
2026-06-19 08:15:00+00:00,6750.0,6750.0,6748.0,6748.5,4058
2026-06-19 08:20:00+00:00,6748.5,6750.0,6747.0,6750.0,448
2026-06-19 08:25:00+00:00,6750.0,6750.0,6746.0,6748.5,384
2026-06-19 08:30:00+00:00,6748.0,6750.0,6746.5,6750.0,1105
2026-06-19 08:35:00+00:00,6734.0,6749.0,6734.0,6748.0,4528
2026-06-19 08:40:00+00:00,6734.5,6735.0,6730.5,6735.0,1547
2026-06-19 08:45:00+00:00,6732.0,6737.5,6732.0,6735.0,1743
2026-06-19 08:50:00+00:00,6732.0,6734.0,6722.5,6732.0,7800
2026-06-19 08:55:00+00:00,6733.0,6736.0,6729.0,6729.0,2201
2026-06-19 09:00:00+00:00,6741.5,6742.5,6731.0,6734.5,1384
2026-06-19 09:05:00+00:00,6753.0,6753.5,6737.0,6742.0,5207
2026-06-19 09:10:00+00:00,6758.5,6759.5,6749.0,6754.0,6025
2026-06-19 09:15:00+00:00,6752.0,6760.0,6743.5,6757.5,4731
2026-06-19 09:20:00+00:00,6733.5,6753.0,6728.0,6752.0,5038
2026-06-19 09:25:00+00:00,6734.0,6735.5,6728.5,6735.5,4194
2026-06-19 09:30:00+00:00,6743.0,6750.0,6721.5,6725.5,26370
2026-06-19 09:35:00+00:00,6741.0,6742.5,6730.0,6742.0,17778
2026-06-19 09:40:00+00:00,6743.5,6750.0,6741.0,6742.0,19195
2026-06-19 09:45:00+00:00,6751.0,6754.0,6736.0,6743.0,24050
2026-06-19 09:50:00+00:00,6751.5,6761.0,6744.0,6751.0,30186
2026-06-19 09:55:00+00:00,6743.0,6751.5,6735.5,6751.5,16475
